assignment_id,employee_id,project_id,assignment_role,allocation_percent,assignment_start_date,assignment_end_date,delta_date,operation_type
20426,5462,10097,Cross-functional Delivery,75,2025-10-09,,2026-09-09,UPDATE
20433,5533,10099,Cross-functional Delivery,50,2025-07-11,2026-08-10,2026-09-09,UPDATE
20542,5621,10123,Core Delivery,100,2025-05-05,,2026-09-09,UPDATE
20167,5325,10038,Cross-functional Delivery,25,2025-05-11,2026-07-07,2026-09-09,UPDATE
20322,5350,10074,Cross-functional Delivery,75,2025-12-11,,2026-09-09,UPDATE
20492,5873,10111,Cross-functional Delivery,75,2025-05-29,,2026-09-09,UPDATE
20356,5643,10081,Cross-functional Delivery,25,2025-04-05,,2026-09-09,UPDATE
20154,5237,10035,Core Delivery,25,2025-11-29,,2026-09-09,UPDATE
20321,5955,10073,Cross-functional Delivery,25,2025-11-25,,2026-09-09,UPDATE
20006,5931,10001,Cross-functional Delivery,25,2025-10-09,,2026-09-09,UPDATE
20837,5857,10190,Cross-functional Delivery,75,2025-07-03,,2026-09-09,UPDATE
20923,5546,10210,Cross-functional Delivery,25,2025-03-25,,2026-09-09,UPDATE
20963,5842,10219,Core Delivery,50,2025-11-29,2026-08-17,2026-09-09,UPDATE
20597,5758,10135,Cross-functional Delivery,25,2025-06-10,,2026-09-09,UPDATE
20067,5387,10016,Core Delivery,25,2025-04-16,,2026-09-09,UPDATE
20475,,10107,Cross-functional Delivery,50,2026-01-11,2026-07-30,2026-09-09,UPDATE
20591,5847,10133,Cross-functional Delivery,75,2025-06-14,,2026-09-09,UPDATE
20580,5511,10131,Cross-functional Delivery,75,2025-10-17,,2026-09-09,UPDATE
20930,5048,10212,Cross-functional Delivery,100,2025-10-18,,2026-09-09,UPDATE
20146,5675,10033,Cross-functional Delivery,100,2026-03-12,,2026-09-09,UPDATE
20479,5320,10108,Cross-functional Delivery,75,2026-02-03,,2026-09-09,UPDATE
20406,5041,10092,Cross-functional Delivery,100,2025-09-05,,2026-09-09,UPDATE
20871,5388,10198,Cross-functional Delivery,25,2025-09-03,,2026-09-09,UPDATE
20236,5328,10054,Cross-functional Delivery,100,2025-06-20,,2026-09-09,UPDATE
20461,5057,10104,Cross-functional Delivery,75,2026-03-02,,2026-09-09,UPDATE
20306,5183,10070,Cross-functional Delivery,75,2025-07-01,,2026-09-09,UPDATE
20545,5056,10124,Cross-functional Delivery,50,2025-12-13,2026-07-09,2026-09-09,UPDATE
20292,5042,10067,Cross-functional Delivery,50,2025-03-15,,2026-09-09,UPDATE
20147,5856,10033,Cross-functional Delivery,50,2026-03-12,,2026-09-09,UPDATE
20123,5817,10027,Cross-functional Delivery,25,2026-01-16,,2026-09-09,UPDATE
20340,5218,10078,Cross-functional Delivery,75,2025-05-31,,2026-09-09,UPDATE
