access_event_id,access_id,office_id,access_date,access_timestamp,access_event_type,office_city,delta_date,operation_type
1125647,ACC-5987,2001,2026-09-08,2026-09-08 17:08:00,OUT,Bengaluru,2026-09-08,INSERT
1125648,ACC-5697,2013,2026-09-08,2026-09-08 08:24:00,IN,Dublin,2026-09-08,INSERT
1125649,ACC-5592,2005,2026-09-08,2026-09-08 10:13:00,IN,Singapore,2026-09-08,INSERT
1125650,ACC-5756,2002,2026-09-08,2026-09-08 09:26:00,IN,Hyderabad,2026-09-08,INSERT
1125651,ACC-5617,2010,2026-09-08,2026-09-08 20:26:00,OUT,London,2026-09-08,INSERT
1125652,ACC-5222,2012,2026-09-08,2026-09-08 08:53:00,IN,Amsterdam,2026-09-08,INSERT
1125653,ACC-5655,2003,2026-09-08,2026-09-08 20:57:00,OUT,Pune,2026-09-08,INSERT
1125654,ACC-5623,2003,2026-09-08,2026-09-08 10:24:00,IN,Pune,2026-09-08,INSERT
1125655,ACC-5357,2008,2026-09-08,2026-09-08 17:22:00,OUT,San Francisco,2026-09-08,INSERT
1125656,ACC-5340,2013,2026-09-08,2026-09-08 20:54:00,OUT,Dublin,2026-09-08,INSERT
1125657,ACC-5876,2004,2026-09-08,2026-09-08 18:31:00,OUT,Chennai,2026-09-08,INSERT
1125658,ACC-5382,2007,2026-09-08,2026-09-08 09:27:00,IN,New York,2026-09-08,INSERT
1125659,ACC-5722,2001,2026-09-08,2026-09-08 17:24:00,OUT,Bengaluru,2026-09-08,INSERT
1125660,ACC-5668,2001,2026-09-08,2026-09-08 20:46:00,OUT,Bengaluru,2026-09-08,INSERT
1125661,ACC-5862,2013,2026-09-08,2026-09-08 09:58:00,IN,Dublin,2026-09-08,INSERT
1125662,ACC-5329,2007,2026-09-08,2026-09-08 10:34:00,IN,New York,2026-09-08,INSERT
1125663,ACC-5378,2008,2026-09-08,2026-09-08 09:37:00,IN,San Francisco,2026-09-08,INSERT
1125664,ACC-5609,2012,2026-09-08,2026-09-08 08:41:00,IN,Amsterdam,2026-09-08,INSERT
1125665,ACC-5110,2009,2026-09-08,2026-09-08 18:55:00,OUT,Toronto,2026-09-08,INSERT
1125666,ACC-5979,2009,2026-09-08,2026-09-08 18:03:00,OUT,Toronto,2026-09-08,INSERT
1125667,ACC-5393,2008,2026-09-08,2026-09-08 20:20:00,OUT,San Francisco,2026-09-08,INSERT
1125668,ACC-5323,2008,2026-09-08,2026-09-08 09:20:00,IN,San Francisco,2026-09-08,INSERT
1125669,ACC-5374,2011,2026-09-08,2026-09-08 20:17:00,OUT,Berlin,2026-09-08,INSERT
1125670,ACC-5468,2013,2026-09-08,2026-09-08 19:53:00,OUT,Dublin,2026-09-08,INSERT
