employee_skill_id,employee_id,skill_id,proficiency_level,is_primary_skill,delta_date,operation_type
80893,5252,7010,Intermediate,False,2026-09-08,UPDATE
81905,5546,7020,Advanced,True,2026-09-08,UPDATE
82866,5822,7006,Expert,True,2026-09-08,UPDATE
81050,5297,7026,Advanced,False,2026-09-08,UPDATE
83142,5900,7016,Intermediate,False,2026-09-08,UPDATE
81511,5430,7030,Advanced,False,2026-09-08,UPDATE
80688,5195,7021,Beginner,False,2026-09-08,UPDATE
82482,5710,,Advanced,True,2026-09-08,UPDATE
82488,5711,7019,Beginner,False,2026-09-08,UPDATE
83064,5878,7029,Expert,True,2026-09-08,UPDATE
82943,5843,7007,Beginner,False,2026-09-08,UPDATE
80470,5134,7001,Expert,True,2026-09-08,UPDATE
83186,5913,7024,Advanced,False,2026-09-08,UPDATE
83356,5965,7015,Intermediate,False,2026-09-08,UPDATE
80671,5191,7021,Intermediate,False,2026-09-08,UPDATE
81275,5362,7002,Advanced,True,2026-09-08,UPDATE
80443,5126,7002,Intermediate,True,2026-09-08,UPDATE
82371,5677,7022,Expert,False,2026-09-08,UPDATE
80106,5030,7020,Advanced,True,2026-09-08,UPDATE
