assignment_id,employee_id,project_id,assignment_role,allocation_percent,assignment_start_date,assignment_end_date
20001,5114,10001,Cross-functional Delivery,25,2025-10-09,
20002,5260,10001,Cross-functional Delivery,100,2025-10-09,
20003,5394,10001,Core Delivery,100,2025-10-09,
20004,5409,10001,Core Delivery,25,2025-10-09,
20005,5803,10001,Cross-functional Delivery,50,2025-10-09,
20006,5931,10001,Cross-functional Delivery,25,2025-10-09,
20007,5062,10002,Cross-functional Delivery,100,2025-10-15,
20008,5306,10002,Cross-functional Delivery,50,2025-10-15,
20009,5706,10002,Core Delivery,75,2025-10-15,
20010,5971,10002,Cross-functional Delivery,25,2025-10-15,
20011,5134,10003,Cross-functional Delivery,25,2025-07-31,
20012,5507,10003,Core Delivery,75,2025-07-31,
20013,5738,10003,Cross-functional Delivery,75,2025-07-31,
20014,5920,10003,Cross-functional Delivery,75,2025-07-31,
20015,5921,10003,Cross-functional Delivery,100,2025-07-31,
20016,5291,10004,Cross-functional Delivery,75,2025-12-28,
20017,5871,10004,Cross-functional Delivery,50,2025-12-28,
20018,5011,10005,Cross-functional Delivery,100,2025-06-03,
20019,5289,10005,Core Delivery,50,2025-12-08,
20020,5460,10005,Cross-functional Delivery,25,2025-06-03,
20021,5525,10005,Cross-functional Delivery,50,2025-06-03,
20022,5735,10005,Cross-functional Delivery,25,2025-06-03,
20023,5578,10006,Core Delivery,25,2026-03-08,2026-07-18
20024,5603,10006,Cross-functional Delivery,100,2026-03-08,2026-07-18
20025,5107,10007,Cross-functional Delivery,50,2025-11-22,
20026,5473,10007,Cross-functional Delivery,75,2025-11-22,
20027,5635,10007,Core Delivery,75,2025-11-22,
20028,5762,10007,Cross-functional Delivery,100,2025-11-22,
20029,5197,10008,Cross-functional Delivery,100,2025-08-31,2026-08-21
20030,5303,10008,Cross-functional Delivery,100,2025-12-28,2026-08-21
20031,5728,10008,Cross-functional Delivery,75,2025-08-31,2026-08-21
20032,5962,10008,Core Delivery,100,2025-08-31,2026-08-21
20033,5193,10009,Cross-functional Delivery,25,2025-11-04,
20034,5547,10009,Cross-functional Delivery,50,2025-11-04,
20035,5737,10009,Cross-functional Delivery,25,2025-11-04,
20036,5853,10009,Cross-functional Delivery,25,2025-11-04,
20037,5316,10010,Cross-functional Delivery,75,2026-02-11,
20038,5636,10010,Cross-functional Delivery,50,2026-02-11,
20039,5905,10010,Cross-functional Delivery,50,2026-02-11,
20040,5944,10010,Cross-functional Delivery,100,2026-02-11,
20041,5377,10011,Cross-functional Delivery,50,2026-02-09,
20042,5653,10011,Cross-functional Delivery,100,2026-02-09,
20043,5681,10011,Cross-functional Delivery,75,2026-02-09,
20044,5987,10011,Cross-functional Delivery,100,2026-02-09,
20045,5433,10012,Core Delivery,100,2025-05-20,
20046,5446,10012,Core Delivery,100,2025-05-20,
20047,5578,10012,Cross-functional Delivery,50,2025-12-19,
20048,5912,10012,Cross-functional Delivery,25,2025-05-20,
20049,5940,10012,Cross-functional Delivery,75,2025-05-20,
20050,5138,10013,Cross-functional Delivery,25,2026-01-06,
20051,5304,10013,Cross-functional Delivery,50,2026-01-06,
20052,5321,10013,Cross-functional Delivery,50,2026-01-06,
20053,5333,10013,Cross-functional Delivery,100,2026-01-06,
20054,5587,10013,Cross-functional Delivery,25,2026-01-06,
20055,5163,10014,Cross-functional Delivery,25,2026-03-06,
20056,5389,10014,Cross-functional Delivery,25,2026-03-06,
20057,5395,10014,Cross-functional Delivery,75,2026-03-06,
20058,5712,10014,Core Delivery,100,2026-03-06,
20059,5101,10015,Cross-functional Delivery,100,2025-03-31,
20060,5266,10015,Cross-functional Delivery,100,2025-03-31,
20061,5372,10015,Cross-functional Delivery,25,2026-02-27,
20062,5400,10015,Cross-functional Delivery,75,2025-03-31,
20063,5750,10015,Cross-functional Delivery,75,2025-03-31,
20064,5764,10015,Cross-functional Delivery,25,2025-03-31,
20065,5823,10015,Cross-functional Delivery,25,2025-03-31,
20066,5211,10016,Cross-functional Delivery,25,2025-04-16,
20067,5387,10016,Core Delivery,25,2025-04-16,
20068,5716,10016,Cross-functional Delivery,100,2025-04-16,
20069,5978,10016,Cross-functional Delivery,100,2025-04-16,
20070,5120,10017,Cross-functional Delivery,100,2025-10-30,
20071,5302,10017,Cross-functional Delivery,25,2025-10-30,
20072,5314,10017,Cross-functional Delivery,75,2025-10-30,
20073,5958,10017,Cross-functional Delivery,25,2025-10-30,
20074,5976,10017,Cross-functional Delivery,25,2025-10-30,
20075,5408,10018,Cross-functional Delivery,75,2025-04-26,
20076,5612,10018,Cross-functional Delivery,50,2025-04-26,
20077,5892,10018,Core Delivery,25,2025-04-26,
20078,5948,10018,Cross-functional Delivery,75,2025-04-26,
20079,5973,10018,Cross-functional Delivery,25,2025-04-26,
20080,5472,10019,Cross-functional Delivery,75,2025-12-07,
20081,5705,10019,Cross-functional Delivery,50,2025-12-07,
20082,5896,10019,Cross-functional Delivery,25,2025-12-07,
20083,5977,10019,Cross-functional Delivery,75,2025-12-07,
20084,5010,10020,Cross-functional Delivery,50,2025-11-17,
20085,5286,10020,Cross-functional Delivery,25,2025-10-09,
20086,5422,10020,Cross-functional Delivery,75,2025-10-09,
20087,5715,10020,Cross-functional Delivery,25,2025-10-09,
20088,5018,10021,Cross-functional Delivery,75,2025-07-06,
20089,5100,10021,Cross-functional Delivery,100,2025-07-06,
20090,5245,10021,Core Delivery,100,2025-07-06,
20091,5392,10021,Cross-functional Delivery,100,2025-07-06,
20092,5518,10021,Cross-functional Delivery,50,2025-07-06,
20093,5194,10022,Cross-functional Delivery,25,2026-04-05,
20094,5253,10022,Cross-functional Delivery,50,2026-04-05,
20095,5397,10022,Cross-functional Delivery,100,2026-04-05,
20096,5476,10022,Cross-functional Delivery,100,2026-04-05,
20097,5485,10022,Cross-functional Delivery,25,2026-04-05,
20098,5849,10022,Core Delivery,100,2026-04-05,
20099,5939,10022,Cross-functional Delivery,100,2026-04-05,
20100,5123,10023,Core Delivery,75,2025-07-30,
20101,5539,10023,Cross-functional Delivery,25,2025-07-30,
20102,5720,10023,Cross-functional Delivery,100,2025-07-30,
20103,5900,10023,Cross-functional Delivery,100,2025-07-30,
20104,5005,10024,Cross-functional Delivery,25,2025-06-27,2026-08-14
20105,5454,10024,Cross-functional Delivery,50,2025-06-27,2026-08-14
20106,5537,10024,Cross-functional Delivery,50,2025-06-27,2026-08-14
20107,5818,10024,Cross-functional Delivery,100,2025-06-27,2026-08-14
20108,5909,10024,Cross-functional Delivery,75,2025-06-27,2026-08-14
20109,5035,10025,Cross-functional Delivery,25,2025-10-13,
20110,5140,10025,Cross-functional Delivery,100,2025-10-31,
20111,5172,10025,Cross-functional Delivery,100,2025-10-13,
20112,5188,10025,Cross-functional Delivery,75,2025-10-13,
20113,5579,10025,Core Delivery,50,2025-10-13,
20114,5672,10025,Cross-functional Delivery,50,2025-10-13,
20115,5979,10025,Cross-functional Delivery,50,2026-04-29,
20116,5278,10026,Cross-functional Delivery,75,2025-03-15,
20117,5287,10026,Cross-functional Delivery,100,2025-03-15,
20118,5600,10026,Cross-functional Delivery,50,2025-07-22,
20119,5968,10026,Cross-functional Delivery,50,2025-03-15,
20120,5997,10026,Cross-functional Delivery,75,2025-03-15,
20121,5226,10027,Cross-functional Delivery,25,2026-01-16,
20122,5535,10027,Cross-functional Delivery,100,2026-01-16,
20123,5817,10027,Cross-functional Delivery,25,2026-01-16,
20124,5876,10027,Core Delivery,25,2026-01-16,
20125,5032,10028,Cross-functional Delivery,75,2025-04-18,
20126,5157,10028,Cross-functional Delivery,50,2025-04-18,
20127,5793,10028,Core Delivery,100,2025-06-28,
20128,5910,10028,Cross-functional Delivery,50,2025-04-18,
20129,5067,10029,Cross-functional Delivery,25,2026-01-28,
20130,5108,10029,Cross-functional Delivery,50,2026-01-28,
20131,5113,10029,Cross-functional Delivery,100,2026-01-28,
20132,5661,10029,Cross-functional Delivery,25,2026-01-28,
20133,5974,10029,Cross-functional Delivery,100,2026-01-28,
20134,5182,10030,Cross-functional Delivery,50,2025-05-11,2026-08-15
20135,5684,10030,Cross-functional Delivery,25,2025-05-11,2026-08-15
20136,5009,10031,Core Delivery,25,2026-01-14,
20137,5012,10031,Core Delivery,100,2026-01-14,
20138,5461,10031,Cross-functional Delivery,25,2026-01-14,
20139,5565,10031,Cross-functional Delivery,50,2026-01-14,
20140,5581,10031,Cross-functional Delivery,25,2026-01-14,
20141,5505,10032,Cross-functional Delivery,75,2025-05-17,2026-07-09
20142,5515,10032,Cross-functional Delivery,25,2025-05-17,2026-07-09
20143,5541,10032,Cross-functional Delivery,25,2026-01-11,2026-07-09
20144,5558,10032,Cross-functional Delivery,50,2025-05-17,2026-07-09
20145,5855,10032,Core Delivery,75,2025-05-17,2026-07-09
20146,5675,10033,Cross-functional Delivery,100,2026-03-12,
20147,5856,10033,Cross-functional Delivery,50,2026-03-12,
20148,5880,10033,Cross-functional Delivery,25,2026-03-12,
20149,5936,10033,Cross-functional Delivery,25,2026-03-12,
20150,5014,10034,Cross-functional Delivery,100,2026-04-23,
20151,5332,10034,Cross-functional Delivery,25,2026-04-23,
20152,5787,10034,Cross-functional Delivery,75,2026-04-23,
20153,5204,10035,Core Delivery,25,2025-11-29,
20154,5237,10035,Core Delivery,25,2025-11-29,
20155,5649,10035,Cross-functional Delivery,100,2025-11-29,
20156,5707,10035,Cross-functional Delivery,75,2025-11-29,
20157,5054,10036,Cross-functional Delivery,75,2025-10-19,
20158,5088,10036,Cross-functional Delivery,50,2025-10-19,
20159,5269,10036,Core Delivery,50,2026-02-06,
20160,5294,10036,Core Delivery,25,2025-10-19,
20161,5028,10037,Core Delivery,100,2026-02-11,
20162,5162,10037,Core Delivery,75,2026-02-11,
20163,5274,10037,Cross-functional Delivery,50,2026-02-11,
20164,5771,10037,Cross-functional Delivery,100,2026-02-11,
20165,5036,10038,Core Delivery,75,2025-05-11,2026-07-07
20166,5128,10038,Core Delivery,100,2025-05-11,2026-07-07
20167,5325,10038,Cross-functional Delivery,25,2025-05-11,2026-07-07
20168,5605,10038,Cross-functional Delivery,50,2025-05-11,2026-07-07
20169,5734,10038,Cross-functional Delivery,25,2025-05-11,2026-07-07
20170,5040,10039,Cross-functional Delivery,25,2025-10-19,
20171,5646,10039,Cross-functional Delivery,75,2025-10-19,
20172,5658,10039,Cross-functional Delivery,25,2025-10-19,
20173,5692,10039,Cross-functional Delivery,100,2025-10-19,
20174,5959,10039,Cross-functional Delivery,100,2025-10-19,
20175,5029,10040,Core Delivery,75,2026-01-26,
20176,5066,10040,Core Delivery,100,2026-01-26,
20177,5129,10040,Core Delivery,25,2026-01-26,
20178,5230,10040,Cross-functional Delivery,50,2026-01-26,
20179,5318,10040,Cross-functional Delivery,50,2026-01-26,
20180,5159,10041,Cross-functional Delivery,100,2025-03-09,
20181,5254,10041,Cross-functional Delivery,25,2025-03-09,
20182,5478,10041,Core Delivery,75,2025-03-09,
20183,5531,10041,Core Delivery,100,2026-01-31,
20184,5922,10041,Cross-functional Delivery,25,2025-03-12,
20185,5039,10042,Core Delivery,25,2025-09-08,
20186,5074,10042,Core Delivery,50,2025-12-17,
20187,5426,10042,Cross-functional Delivery,100,2025-09-08,
20188,5683,10042,Cross-functional Delivery,75,2025-09-08,
20189,5690,10042,Cross-functional Delivery,50,2025-09-08,
20190,5003,10043,Cross-functional Delivery,100,2025-08-14,
20191,5083,10043,Cross-functional Delivery,50,2025-08-14,
20192,5416,10043,Core Delivery,100,2025-08-14,
20193,5634,10043,Cross-functional Delivery,100,2025-08-14,
20194,5326,10044,Cross-functional Delivery,100,2025-10-12,
20195,5405,10044,Cross-functional Delivery,25,2025-10-12,
20196,5585,10044,Core Delivery,75,2025-10-22,
20197,5181,10045,Core Delivery,25,2025-10-18,
20198,5210,10045,Core Delivery,75,2025-10-18,
20199,5317,10045,Core Delivery,50,2025-10-18,
20200,5359,10045,Core Delivery,25,2025-10-18,
20201,5743,10045,Cross-functional Delivery,75,2025-10-18,
20202,5173,10046,Cross-functional Delivery,25,2025-05-22,
20203,5185,10046,Cross-functional Delivery,100,2025-05-22,
20204,5481,10046,Cross-functional Delivery,25,2025-05-22,
20205,5191,10047,Cross-functional Delivery,75,2025-09-14,2026-08-18
20206,5626,10047,Cross-functional Delivery,100,2025-09-14,2026-08-18
20207,5708,10047,Cross-functional Delivery,25,2025-09-14,2026-08-18
20208,5936,10047,Core Delivery,100,2025-09-14,2026-08-18
20209,5079,10048,Cross-functional Delivery,50,2025-03-27,2026-08-08
20210,5382,10048,Cross-functional Delivery,50,2025-03-27,2026-08-08
20211,5034,10049,Cross-functional Delivery,100,2026-01-04,
20212,5284,10049,Core Delivery,75,2026-01-04,
20213,5424,10049,Cross-functional Delivery,50,2026-01-04,
20214,5677,10049,Cross-functional Delivery,75,2026-01-04,
20215,5812,10049,Cross-functional Delivery,100,2026-01-04,
20216,5091,10050,Cross-functional Delivery,75,2025-03-12,2026-07-20
20217,5289,10050,Cross-functional Delivery,25,2025-12-08,2026-07-20
20218,5414,10050,Cross-functional Delivery,100,2025-03-12,2026-07-20
20219,5808,10050,Cross-functional Delivery,100,2025-08-29,2026-07-20
20220,5153,10051,Cross-functional Delivery,50,2025-09-19,
20221,5402,10051,Cross-functional Delivery,75,2025-09-19,
20222,5698,10051,Cross-functional Delivery,25,2025-09-19,
20223,5765,10051,Core Delivery,100,2026-04-05,
20224,5811,10051,Core Delivery,75,2025-09-19,
20225,5889,10051,Cross-functional Delivery,100,2025-09-19,
20226,5937,10051,Cross-functional Delivery,100,2025-09-19,
20227,5031,10052,Cross-functional Delivery,50,2026-01-19,
20228,5164,10052,Cross-functional Delivery,75,2026-01-19,
20229,5384,10052,Cross-functional Delivery,100,2026-01-19,
20230,5614,10052,Cross-functional Delivery,25,2026-01-19,
20231,5779,10052,Cross-functional Delivery,75,2026-01-19,
20232,5175,10053,Core Delivery,100,2025-04-05,
20233,5353,10053,Cross-functional Delivery,75,2025-04-05,
20234,5769,10053,Cross-functional Delivery,50,2026-04-30,
20235,5161,10054,Cross-functional Delivery,25,2025-06-20,
20236,5328,10054,Cross-functional Delivery,100,2025-06-20,
20237,5415,10054,Cross-functional Delivery,25,2026-03-17,
20238,5484,10054,Cross-functional Delivery,50,2025-06-20,
20239,5961,10054,Cross-functional Delivery,75,2025-06-20,
20240,5477,10055,Cross-functional Delivery,25,2026-01-04,
20241,5594,10055,Cross-functional Delivery,100,2026-01-04,
20242,5754,10055,Core Delivery,50,2026-01-04,
20243,5013,10056,Cross-functional Delivery,50,2025-03-20,
20244,5052,10056,Cross-functional Delivery,75,2025-03-20,
20245,5196,10056,Core Delivery,50,2025-03-20,
20246,5205,10056,Core Delivery,100,2025-03-20,
20247,5324,10056,Core Delivery,75,2025-12-26,
20248,5608,10056,Cross-functional Delivery,50,2025-03-20,
20249,5635,10056,Cross-functional Delivery,25,2025-03-20,
20250,5239,10057,Cross-functional Delivery,50,2025-06-02,
20251,5339,10057,Cross-functional Delivery,75,2025-06-02,
20252,5383,10057,Cross-functional Delivery,100,2025-06-02,
20253,5858,10057,Cross-functional Delivery,50,2025-09-29,
20254,5447,10058,Cross-functional Delivery,25,2026-01-10,
20255,5667,10058,Cross-functional Delivery,100,2026-01-10,
20256,5923,10058,Cross-functional Delivery,50,2026-01-10,
20257,5989,10058,Cross-functional Delivery,75,2026-01-10,
20258,5222,10059,Cross-functional Delivery,100,2025-07-11,
20259,5662,10059,Core Delivery,100,2025-08-15,
20260,5742,10059,Cross-functional Delivery,50,2025-07-11,
20261,5980,10059,Cross-functional Delivery,100,2025-07-11,
20262,5016,10060,Cross-functional Delivery,25,2025-04-23,2026-08-13
20263,5251,10060,Cross-functional Delivery,100,2025-04-23,2026-08-13
20264,5271,10060,Cross-functional Delivery,25,2025-04-23,2026-08-13
20265,5347,10060,Cross-functional Delivery,25,2025-04-23,2026-08-13
20266,5892,10060,Cross-functional Delivery,25,2025-04-23,2026-08-13
20267,5103,10061,Cross-functional Delivery,75,2025-11-10,
20268,5733,10061,Cross-functional Delivery,25,2025-11-10,
20269,5763,10061,Cross-functional Delivery,50,2025-11-10,
20270,5859,10061,Cross-functional Delivery,25,2025-11-10,
20271,5486,10062,Cross-functional Delivery,50,2025-11-08,
20272,5487,10062,Cross-functional Delivery,75,2025-11-08,
20273,5520,10062,Cross-functional Delivery,50,2025-11-08,
20274,5551,10062,Cross-functional Delivery,50,2025-11-08,
20275,5806,10062,Cross-functional Delivery,100,2025-11-08,
20276,5744,10063,Cross-functional Delivery,25,2026-01-28,
20277,5935,10063,Cross-functional Delivery,50,2026-01-28,
20278,5358,10064,Cross-functional Delivery,50,2025-11-24,
20279,5376,10064,Core Delivery,100,2025-11-24,
20280,5419,10064,Core Delivery,100,2025-11-24,
20281,5458,10064,Core Delivery,25,2025-11-24,
20282,5461,10064,Core Delivery,75,2025-11-24,
20283,5757,10064,Cross-functional Delivery,50,2025-11-24,
20284,5049,10065,Core Delivery,50,2025-05-10,2026-08-08
20285,5070,10065,Core Delivery,25,2025-05-10,2026-08-08
20286,5092,10065,Core Delivery,75,2025-05-10,2026-08-08
20287,5130,10065,Core Delivery,75,2025-05-10,2026-08-08
20288,5315,10065,Cross-functional Delivery,25,2025-07-16,2026-08-08
20289,5356,10066,Cross-functional Delivery,100,2026-04-28,
20290,5369,10066,Cross-functional Delivery,75,2026-04-28,
20291,5904,10066,Cross-functional Delivery,25,2026-04-28,
20292,5042,10067,Cross-functional Delivery,50,2025-03-15,
20293,5078,10067,Cross-functional Delivery,75,2026-01-29,
20294,5335,10067,Cross-functional Delivery,75,2025-03-15,
20295,5517,10067,Cross-functional Delivery,75,2025-03-15,
20296,5780,10067,Cross-functional Delivery,100,2026-04-16,
20297,5906,10067,Cross-functional Delivery,50,2025-03-15,
20298,5224,10068,Cross-functional Delivery,75,2025-03-22,
20299,5438,10068,Cross-functional Delivery,25,2025-03-22,
20300,5816,10068,Core Delivery,25,2025-03-22,
20301,5926,10068,Cross-functional Delivery,100,2025-03-22,
20302,5096,10069,Cross-functional Delivery,75,2025-12-27,2026-07-18
20303,5693,10069,Cross-functional Delivery,25,2025-12-27,2026-07-18
20304,5753,10069,Core Delivery,50,2025-12-27,2026-07-18
20305,5991,10069,Cross-functional Delivery,75,2026-01-03,2026-07-18
20306,5183,10070,Cross-functional Delivery,75,2025-07-01,
20307,5203,10070,Cross-functional Delivery,25,2025-07-01,
20308,5341,10070,Cross-functional Delivery,100,2025-07-01,
20309,5459,10070,Cross-functional Delivery,100,2025-07-01,
20310,5363,10071,Cross-functional Delivery,25,2025-09-13,
20311,5670,10071,Cross-functional Delivery,100,2025-09-13,
20312,5836,10071,Cross-functional Delivery,100,2025-09-13,
20313,5252,10072,Cross-functional Delivery,25,2025-03-06,
20314,5609,10072,Cross-functional Delivery,50,2025-03-06,
20315,5665,10072,Cross-functional Delivery,75,2025-03-06,
20316,5748,10072,Cross-functional Delivery,25,2025-03-06,
20317,5797,10072,Cross-functional Delivery,25,2025-03-06,
20318,5170,10073,Cross-functional Delivery,100,2025-11-25,
20319,5366,10073,Cross-functional Delivery,100,2025-11-25,
20320,5373,10073,Cross-functional Delivery,50,2025-11-25,
20321,5955,10073,Cross-functional Delivery,25,2025-11-25,
20322,5350,10074,Cross-functional Delivery,75,2025-12-11,
20323,5604,10074,Cross-functional Delivery,25,2025-12-11,
20324,5736,10074,Cross-functional Delivery,100,2025-12-11,
20325,5747,10074,Cross-functional Delivery,75,2025-12-11,
20326,5879,10074,Cross-functional Delivery,100,2025-12-11,
20327,5105,10075,Core Delivery,25,2025-10-03,
20328,5240,10075,Cross-functional Delivery,50,2025-10-03,
20329,5729,10075,Cross-functional Delivery,75,2026-04-05,
20330,5445,10076,Cross-functional Delivery,50,2025-08-27,
20331,5553,10076,Cross-functional Delivery,100,2025-08-27,
20332,5691,10076,Cross-functional Delivery,100,2025-08-27,
20333,5916,10076,Cross-functional Delivery,75,2025-08-27,
20334,5528,10077,Cross-functional Delivery,100,2025-04-03,
20335,5633,10077,Cross-functional Delivery,50,2025-04-27,
20336,5869,10077,Cross-functional Delivery,100,2025-04-03,
20337,5899,10077,Cross-functional Delivery,100,2025-04-03,
20338,5063,10078,Cross-functional Delivery,75,2025-05-31,
20339,5212,10078,Cross-functional Delivery,100,2026-04-22,
20340,5218,10078,Cross-functional Delivery,75,2025-05-31,
20341,5569,10078,Cross-functional Delivery,25,2025-05-31,
20342,5595,10078,Cross-functional Delivery,75,2025-05-31,
20343,5038,10079,Cross-functional Delivery,75,2025-12-04,
20344,5573,10079,Core Delivery,75,2026-04-16,
20345,5772,10079,Cross-functional Delivery,75,2025-12-04,
20346,5799,10079,Cross-functional Delivery,25,2025-12-04,
20347,5827,10079,Cross-functional Delivery,25,2025-12-04,
20348,5020,10080,Cross-functional Delivery,25,2025-11-12,
20349,5273,10080,Cross-functional Delivery,50,2025-11-12,
20350,5380,10080,Core Delivery,50,2026-03-12,
20351,5878,10080,Cross-functional Delivery,25,2025-11-12,
20352,5136,10081,Cross-functional Delivery,100,2025-04-05,
20353,5439,10081,Cross-functional Delivery,75,2025-04-05,
20354,5506,10081,Cross-functional Delivery,50,2025-04-05,
20355,5564,10081,Cross-functional Delivery,100,2025-04-05,
20356,5643,10081,Cross-functional Delivery,25,2025-04-05,
20357,5813,10081,Core Delivery,75,2025-04-05,
20358,5017,10082,Cross-functional Delivery,25,2026-03-20,
20359,5143,10082,Cross-functional Delivery,25,2026-03-20,
20360,5699,10082,Cross-functional Delivery,100,2026-03-20,
20361,5926,10082,Core Delivery,25,2026-03-20,
20362,5176,10083,Cross-functional Delivery,100,2025-10-29,
20363,5376,10083,Core Delivery,25,2025-10-29,
20364,5398,10083,Core Delivery,50,2025-10-29,
20365,5504,10083,Cross-functional Delivery,100,2025-10-29,
20366,5574,10083,Cross-functional Delivery,50,2025-10-29,
20367,5783,10083,Cross-functional Delivery,100,2025-10-29,
20368,5928,10083,Cross-functional Delivery,75,2025-11-18,
20369,5097,10084,Cross-functional Delivery,50,2025-03-30,
20370,5349,10084,Cross-functional Delivery,100,2025-03-30,
20371,5531,10084,Cross-functional Delivery,50,2026-01-31,
20372,5964,10084,Core Delivery,25,2026-04-15,
20373,5411,10085,Cross-functional Delivery,75,2025-04-04,2026-07-25
20374,5508,10085,Cross-functional Delivery,75,2025-04-21,2026-07-25
20375,5650,10085,Core Delivery,75,2025-04-04,2026-07-25
20376,5821,10085,Cross-functional Delivery,25,2025-04-04,2026-07-25
20377,5848,10085,Cross-functional Delivery,100,2025-04-04,2026-07-25
20378,5102,10086,Cross-functional Delivery,100,2025-10-18,
20379,5229,10086,Cross-functional Delivery,25,2025-10-18,
20380,5255,10086,Cross-functional Delivery,25,2025-10-18,
20381,5824,10086,Cross-functional Delivery,25,2025-10-18,
20382,5930,10086,Cross-functional Delivery,75,2025-10-18,
20383,5053,10087,Core Delivery,50,2025-11-03,
20384,5323,10087,Cross-functional Delivery,75,2025-11-03,
20385,5441,10087,Cross-functional Delivery,75,2025-11-03,
20386,5786,10087,Cross-functional Delivery,50,2026-01-30,
20387,5838,10087,Cross-functional Delivery,25,2025-11-03,
20388,5090,10088,Cross-functional Delivery,75,2025-11-06,
20389,5223,10088,Cross-functional Delivery,100,2025-11-06,
20390,5313,10088,Cross-functional Delivery,100,2025-11-06,
20391,5567,10088,Core Delivery,75,2025-11-06,
20392,5001,10089,Core Delivery,100,2025-04-19,
20393,5089,10089,Core Delivery,100,2025-04-19,
20394,5436,10089,Cross-functional Delivery,100,2025-04-19,
20395,5495,10089,Cross-functional Delivery,100,2025-04-19,
20396,5934,10089,Cross-functional Delivery,25,2025-04-19,
20397,5417,10090,Core Delivery,75,2025-07-27,
20398,5615,10090,Cross-functional Delivery,100,2025-07-27,
20399,5837,10090,Cross-functional Delivery,75,2025-07-27,
20400,5888,10090,Cross-functional Delivery,50,2025-07-27,
20401,5946,10090,Cross-functional Delivery,25,2025-12-11,
20402,5081,10091,Cross-functional Delivery,75,2025-10-26,
20403,5492,10091,Cross-functional Delivery,75,2025-10-26,
20404,5898,10091,Cross-functional Delivery,100,2025-10-26,
20405,5908,10091,Cross-functional Delivery,75,2025-10-26,
20406,5041,10092,Cross-functional Delivery,100,2025-09-05,
20407,5144,10092,Cross-functional Delivery,100,2025-11-04,
20408,5168,10092,Cross-functional Delivery,75,2026-05-06,
20409,5367,10092,Cross-functional Delivery,25,2025-09-05,
20410,5796,10092,Core Delivery,100,2025-09-05,
20411,5270,10093,Core Delivery,75,2025-10-24,
20412,5915,10093,Cross-functional Delivery,75,2025-10-24,
20413,5051,10094,Cross-functional Delivery,50,2025-09-12,
20414,5292,10094,Cross-functional Delivery,50,2025-09-12,
20415,5337,10094,Cross-functional Delivery,25,2025-09-12,
20416,5015,10095,Cross-functional Delivery,100,2025-11-14,
20417,5800,10095,Cross-functional Delivery,50,2025-11-14,
20418,5801,10095,Cross-functional Delivery,50,2025-11-14,
20419,5850,10095,Cross-functional Delivery,75,2025-11-14,
20420,5008,10096,Cross-functional Delivery,75,2026-04-29,2026-07-19
20421,5195,10096,Cross-functional Delivery,100,2026-04-29,2026-07-19
20422,5236,10096,Cross-functional Delivery,100,2026-04-29,2026-07-19
20423,5420,10096,Cross-functional Delivery,50,2026-04-29,2026-07-19
20424,5674,10096,Cross-functional Delivery,50,2026-04-29,2026-07-19
20425,5434,10097,Cross-functional Delivery,100,2025-11-05,
20426,5462,10097,Cross-functional Delivery,75,2025-10-09,
20427,5680,10097,Cross-functional Delivery,75,2025-10-09,
20428,5773,10097,Cross-functional Delivery,25,2025-10-09,
20429,5935,10097,Core Delivery,25,2025-10-09,
20430,5467,10098,Cross-functional Delivery,100,2025-08-04,2026-07-15
20431,5583,10098,Cross-functional Delivery,75,2025-08-04,2026-07-15
20432,5844,10098,Cross-functional Delivery,75,2025-08-04,2026-07-15
20433,5533,10099,Cross-functional Delivery,50,2025-07-11,2026-08-10
20434,5575,10099,Cross-functional Delivery,25,2025-07-11,2026-08-10
20435,5592,10099,Cross-functional Delivery,25,2025-07-11,2026-08-10
20436,5751,10099,Cross-functional Delivery,100,2025-07-11,2026-08-10
20437,5998,10099,Cross-functional Delivery,50,2025-07-11,2026-08-10
20438,5228,10100,Cross-functional Delivery,50,2026-02-06,
20439,5371,10100,Cross-functional Delivery,25,2026-02-06,
20440,5474,10100,Core Delivery,50,2026-02-06,
20441,5497,10100,Core Delivery,50,2026-02-06,
20442,5523,10100,Core Delivery,75,2026-02-06,
20443,5682,10100,Cross-functional Delivery,50,2026-02-06,
20444,5308,10101,Cross-functional Delivery,100,2025-04-15,
20445,5488,10101,Cross-functional Delivery,100,2025-04-15,
20446,5550,10101,Cross-functional Delivery,100,2025-04-15,
20447,5559,10101,Cross-functional Delivery,100,2025-04-15,
20448,5696,10101,Core Delivery,75,2025-04-15,
20449,5733,10101,Core Delivery,100,2025-04-15,
20450,5953,10101,Cross-functional Delivery,50,2025-04-15,
20451,5198,10102,Cross-functional Delivery,75,2025-11-06,
20452,5480,10102,Cross-functional Delivery,25,2025-11-06,
20453,5890,10102,Core Delivery,100,2025-11-06,
20454,5947,10102,Cross-functional Delivery,25,2025-11-06,
20455,5106,10103,Cross-functional Delivery,25,2026-02-17,
20456,5344,10103,Cross-functional Delivery,25,2026-02-17,
20457,5385,10103,Cross-functional Delivery,50,2026-02-17,
20458,5671,10103,Cross-functional Delivery,75,2026-02-17,
20459,5843,10103,Cross-functional Delivery,25,2026-02-17,
20460,5933,10103,Core Delivery,25,2026-02-17,
20461,5057,10104,Cross-functional Delivery,75,2026-03-02,
20462,5390,10104,Cross-functional Delivery,75,2026-03-02,
20463,5863,10104,Cross-functional Delivery,100,2026-03-02,
20464,5752,10105,Core Delivery,25,2025-08-15,
20465,5754,10105,Core Delivery,25,2025-08-15,
20466,5778,10105,Core Delivery,25,2025-08-15,
20467,5833,10105,Core Delivery,25,2025-08-15,
20468,5283,10106,Cross-functional Delivery,100,2025-05-08,
20469,5378,10106,Cross-functional Delivery,100,2025-05-08,
20470,5798,10106,Core Delivery,100,2025-05-27,
20471,5828,10106,Core Delivery,100,2025-05-08,
20472,5854,10106,Core Delivery,50,2025-05-08,
20473,5951,10106,Cross-functional Delivery,50,2025-05-08,
20474,5403,10107,Core Delivery,25,2026-01-11,2026-07-30
20475,5688,10107,Cross-functional Delivery,50,2026-01-11,2026-07-30
20476,5924,10107,Cross-functional Delivery,75,2026-01-11,2026-07-30
20477,5967,10107,Cross-functional Delivery,100,2026-01-11,2026-07-30
20478,5179,10108,Cross-functional Delivery,25,2026-02-03,
20479,5320,10108,Cross-functional Delivery,75,2026-02-03,
20480,5549,10108,Cross-functional Delivery,100,2026-02-03,
20481,5002,10109,Cross-functional Delivery,50,2025-11-04,
20482,5330,10109,Cross-functional Delivery,100,2025-11-04,
20483,5740,10109,Cross-functional Delivery,75,2025-11-04,
20484,5785,10109,Core Delivery,50,2025-11-04,
20485,5103,10110,Core Delivery,100,2025-10-05,
20486,5421,10110,Cross-functional Delivery,25,2025-10-05,
20487,5835,10110,Cross-functional Delivery,50,2025-10-05,
20488,5868,10110,Cross-functional Delivery,25,2025-10-14,
20489,5147,10111,Cross-functional Delivery,50,2025-05-29,
20490,5630,10111,Cross-functional Delivery,25,2025-05-29,
20491,5831,10111,Cross-functional Delivery,50,2025-05-29,
20492,5873,10111,Cross-functional Delivery,75,2025-05-29,
20493,5396,10112,Core Delivery,50,2026-01-13,
20494,5503,10112,Cross-functional Delivery,100,2026-01-13,
20495,5276,10113,Core Delivery,75,2025-09-05,
20496,5396,10113,Cross-functional Delivery,50,2025-10-07,
20497,5427,10113,Cross-functional Delivery,100,2025-09-05,
20498,5591,10113,Cross-functional Delivery,75,2025-09-05,
20499,5409,10114,Cross-functional Delivery,100,2025-09-02,2026-07-27
20500,5507,10114,Cross-functional Delivery,25,2025-09-02,2026-07-27
20501,5631,10114,Cross-functional Delivery,100,2025-09-02,2026-07-27
20502,5802,10114,Cross-functional Delivery,75,2025-09-02,2026-07-27
20503,5362,10115,Cross-functional Delivery,50,2026-01-27,
20504,5423,10115,Cross-functional Delivery,75,2026-01-27,
20505,5513,10115,Core Delivery,75,2026-01-27,
20506,5703,10115,Cross-functional Delivery,50,2026-01-27,
20507,5150,10116,Cross-functional Delivery,75,2026-04-05,
20508,5312,10116,Cross-functional Delivery,50,2026-02-10,
20509,5599,10116,Cross-functional Delivery,25,2026-02-10,
20510,5613,10116,Cross-functional Delivery,50,2026-02-10,
20511,5798,10116,Cross-functional Delivery,75,2026-02-10,
20512,5893,10116,Cross-functional Delivery,75,2026-02-10,
20513,5027,10117,Cross-functional Delivery,75,2026-02-17,
20514,5186,10117,Core Delivery,75,2026-02-17,
20515,5205,10117,Core Delivery,25,2026-02-17,
20516,5351,10117,Core Delivery,25,2026-02-17,
20517,5416,10117,Cross-functional Delivery,100,2026-02-17,
20518,5449,10117,Cross-functional Delivery,75,2026-02-17,
20519,5512,10117,Cross-functional Delivery,75,2026-02-17,
20520,5338,10118,Cross-functional Delivery,75,2026-03-04,
20521,5598,10118,Core Delivery,75,2026-03-04,
20522,5654,10118,Core Delivery,100,2026-03-04,
20523,5957,10118,Cross-functional Delivery,75,2026-03-04,
20524,5258,10119,Cross-functional Delivery,50,2026-04-04,
20525,5381,10119,Cross-functional Delivery,50,2026-04-04,
20526,5494,10119,Cross-functional Delivery,25,2026-04-04,
20527,5668,10119,Cross-functional Delivery,25,2026-04-04,
20528,5862,10119,Cross-functional Delivery,50,2026-04-04,
20529,5993,10119,Core Delivery,50,2026-04-04,
20530,5727,10120,Cross-functional Delivery,50,2026-02-11,
20531,5814,10120,Cross-functional Delivery,100,2026-02-11,
20532,5830,10120,Cross-functional Delivery,75,2026-02-11,
20533,5116,10121,Cross-functional Delivery,100,2025-06-03,
20534,5166,10121,Cross-functional Delivery,25,2025-06-03,
20535,5576,10121,Cross-functional Delivery,100,2025-06-03,
20536,5060,10122,Cross-functional Delivery,100,2026-01-19,
20537,5202,10122,Core Delivery,100,2026-01-19,
20538,5379,10122,Cross-functional Delivery,50,2026-01-19,
20539,5610,10122,Cross-functional Delivery,50,2026-01-19,
20540,5285,10123,Cross-functional Delivery,75,2025-05-17,
20541,5580,10123,Cross-functional Delivery,50,2025-05-05,
20542,5621,10123,Core Delivery,100,2025-05-05,
20543,5784,10123,Cross-functional Delivery,50,2025-05-05,
20544,5938,10123,Cross-functional Delivery,25,2025-05-05,
20545,5056,10124,Cross-functional Delivery,50,2025-12-13,2026-07-09
20546,5132,10124,Cross-functional Delivery,100,2025-12-13,2026-07-09
20547,5146,10124,Cross-functional Delivery,50,2025-12-13,2026-07-09
20548,5263,10124,Cross-functional Delivery,25,2026-04-12,2026-07-09
20549,5374,10124,Cross-functional Delivery,100,2025-12-13,2026-07-09
20550,5064,10125,Cross-functional Delivery,75,2025-12-27,2026-07-23
20551,5257,10125,Cross-functional Delivery,25,2025-12-27,2026-07-23
20552,5521,10125,Cross-functional Delivery,25,2025-12-27,2026-07-23
20553,5695,10125,Cross-functional Delivery,25,2025-12-27,2026-07-23
20554,5071,10126,Cross-functional Delivery,100,2025-06-29,
20555,5296,10126,Cross-functional Delivery,50,2025-06-29,
20556,5776,10126,Cross-functional Delivery,25,2025-06-29,
20557,5364,10127,Cross-functional Delivery,75,2026-03-10,
20558,5442,10127,Cross-functional Delivery,75,2026-03-10,
20559,5623,10127,Cross-functional Delivery,50,2026-03-10,
20560,5767,10127,Cross-functional Delivery,25,2026-03-10,
20561,5970,10127,Cross-functional Delivery,100,2026-03-10,
20562,5076,10128,Cross-functional Delivery,50,2025-10-08,
20563,5115,10128,Cross-functional Delivery,75,2025-10-08,
20564,5357,10128,Cross-functional Delivery,50,2025-10-08,
20565,5391,10128,Cross-functional Delivery,75,2025-10-08,
20566,5542,10128,Cross-functional Delivery,50,2025-10-08,
20567,5381,10129,Core Delivery,75,2025-11-15,
20568,5416,10129,Core Delivery,50,2025-11-15,
20569,5429,10129,Core Delivery,75,2025-11-15,
20570,5519,10129,Cross-functional Delivery,25,2025-11-15,
20571,5625,10129,Cross-functional Delivery,25,2025-11-15,
20572,5860,10129,Cross-functional Delivery,25,2025-11-15,
20573,5543,10130,Cross-functional Delivery,25,2025-09-17,
20574,5866,10130,Core Delivery,100,2025-09-17,
20575,5874,10130,Core Delivery,100,2025-09-17,
20576,5972,10130,Cross-functional Delivery,100,2025-09-17,
20577,5259,10131,Core Delivery,75,2025-10-17,
20578,5267,10131,Core Delivery,25,2025-10-17,
20579,5483,10131,Cross-functional Delivery,100,2025-10-17,
20580,5511,10131,Cross-functional Delivery,75,2025-10-17,
20581,5942,10131,Cross-functional Delivery,50,2025-10-17,
20582,5065,10132,Cross-functional Delivery,75,2025-03-13,
20583,5320,10132,Core Delivery,75,2025-03-13,
20584,5399,10132,Cross-functional Delivery,75,2025-03-13,
20585,5644,10132,Cross-functional Delivery,75,2025-03-13,
20586,5673,10132,Cross-functional Delivery,75,2025-03-13,
20587,5882,10132,Cross-functional Delivery,75,2025-03-13,
20588,5322,10133,Cross-functional Delivery,100,2025-06-14,
20589,5617,10133,Cross-functional Delivery,25,2025-06-14,
20590,5666,10133,Cross-functional Delivery,50,2025-06-14,
20591,5847,10133,Cross-functional Delivery,75,2025-06-14,
20592,5098,10134,Core Delivery,25,2026-03-15,
20593,5305,10134,Cross-functional Delivery,100,2026-03-15,
20594,5538,10134,Cross-functional Delivery,50,2026-03-15,
20595,5540,10134,Cross-functional Delivery,100,2026-03-15,
20596,5370,10135,Cross-functional Delivery,25,2025-06-10,
20597,5758,10135,Cross-functional Delivery,25,2025-06-10,
20598,5805,10135,Cross-functional Delivery,75,2025-06-10,
20599,5851,10135,Cross-functional Delivery,50,2025-06-10,
20600,5894,10135,Cross-functional Delivery,25,2025-06-10,
20601,5992,10135,Core Delivery,50,2025-06-10,
20602,5109,10136,Cross-functional Delivery,100,2026-04-20,
20603,5618,10136,Core Delivery,75,2026-01-10,
20604,5647,10136,Core Delivery,100,2026-01-10,
20605,5826,10136,Cross-functional Delivery,100,2026-01-10,
20606,5917,10136,Cross-functional Delivery,50,2026-01-10,
20607,5059,10137,Cross-functional Delivery,25,2025-05-10,
20608,5169,10137,Cross-functional Delivery,75,2025-05-10,
20609,5207,10137,Cross-functional Delivery,75,2025-05-10,
20610,5249,10137,Cross-functional Delivery,100,2025-05-10,
20611,5886,10137,Core Delivery,50,2025-05-10,
20612,5187,10138,Cross-functional Delivery,100,2025-06-02,2026-07-15
20613,5428,10138,Cross-functional Delivery,25,2025-06-02,2026-07-15
20614,5887,10138,Cross-functional Delivery,75,2025-06-02,2026-07-15
20615,5199,10139,Cross-functional Delivery,100,2025-12-31,
20616,5297,10139,Cross-functional Delivery,50,2025-12-31,
20617,5453,10139,Cross-functional Delivery,75,2025-12-31,
20618,5761,10139,Cross-functional Delivery,100,2025-12-31,
20619,5084,10140,Cross-functional Delivery,50,2026-04-25,
20620,5368,10140,Core Delivery,25,2026-04-25,
20621,5791,10140,Cross-functional Delivery,25,2026-04-25,
20622,5829,10140,Cross-functional Delivery,100,2026-04-25,
20623,5932,10140,Cross-functional Delivery,75,2026-04-25,
20624,5241,10141,Cross-functional Delivery,50,2025-10-19,2026-08-19
20625,5247,10141,Cross-functional Delivery,75,2025-10-19,2026-08-19
20626,5354,10141,Cross-functional Delivery,50,2025-10-19,2026-08-19
20627,5676,10141,Cross-functional Delivery,50,2025-10-19,2026-08-19
20628,5834,10141,Cross-functional Delivery,50,2025-10-19,2026-08-19
20629,5167,10142,Core Delivery,100,2026-01-26,
20630,5522,10142,Cross-functional Delivery,50,2026-01-26,
20631,5792,10142,Cross-functional Delivery,50,2026-01-26,
20632,5950,10142,Cross-functional Delivery,50,2026-01-26,
20633,5171,10143,Cross-functional Delivery,25,2026-01-17,2026-08-25
20634,5702,10143,Cross-functional Delivery,50,2026-01-17,2026-08-25
20635,5782,10143,Cross-functional Delivery,25,2026-01-17,2026-08-25
20636,5943,10143,Cross-functional Delivery,100,2026-01-17,2026-08-25
20637,5072,10144,Cross-functional Delivery,25,2025-04-20,2026-07-18
20638,5298,10144,Cross-functional Delivery,100,2025-04-20,2026-07-18
20639,5774,10144,Cross-functional Delivery,50,2025-12-10,2026-07-18
20640,5945,10144,Cross-functional Delivery,50,2025-04-20,2026-07-18
20641,5963,10144,Cross-functional Delivery,50,2025-04-20,2026-07-18
20642,5220,10145,Cross-functional Delivery,25,2025-06-12,
20643,5412,10145,Cross-functional Delivery,50,2025-06-12,
20644,5932,10145,Core Delivery,50,2025-06-12,
20645,5994,10145,Core Delivery,50,2025-06-12,
20646,5087,10146,Cross-functional Delivery,25,2025-04-08,
20647,5265,10146,Cross-functional Delivery,25,2025-04-08,
20648,5290,10146,Cross-functional Delivery,25,2025-10-25,
20649,5607,10146,Cross-functional Delivery,25,2025-06-30,
20650,5895,10146,Cross-functional Delivery,50,2025-04-08,
20651,5985,10146,Core Delivery,50,2025-04-08,
20652,5007,10147,Core Delivery,50,2025-11-18,
20653,5711,10147,Cross-functional Delivery,25,2025-11-18,
20654,5726,10147,Cross-functional Delivery,25,2025-11-18,
20655,5867,10147,Cross-functional Delivery,25,2025-11-18,
20656,5975,10147,Cross-functional Delivery,100,2025-11-18,
20657,5360,10148,Core Delivery,100,2025-10-01,
20658,5468,10148,Cross-functional Delivery,100,2025-10-01,
20659,5548,10148,Cross-functional Delivery,100,2026-02-01,
20660,5573,10148,Cross-functional Delivery,25,2026-04-16,
20661,5678,10148,Cross-functional Delivery,25,2025-10-01,
20662,5755,10148,Cross-functional Delivery,25,2025-10-01,
20663,5852,10148,Cross-functional Delivery,100,2025-10-01,
20664,5329,10149,Core Delivery,100,2026-01-17,
20665,5346,10149,Core Delivery,25,2025-11-06,
20666,5479,10149,Cross-functional Delivery,25,2025-08-27,
20667,5907,10149,Cross-functional Delivery,25,2025-08-27,
20668,5180,10150,Cross-functional Delivery,75,2025-12-16,
20669,5268,10150,Cross-functional Delivery,50,2025-12-16,
20670,5300,10150,Cross-functional Delivery,75,2025-12-16,
20671,5819,10150,Cross-functional Delivery,100,2025-12-16,
20672,5213,10151,Cross-functional Delivery,25,2026-04-16,
20673,5277,10151,Cross-functional Delivery,75,2026-04-16,
20674,5841,10151,Cross-functional Delivery,25,2026-04-16,
20675,5864,10151,Cross-functional Delivery,50,2026-04-16,
20676,5990,10151,Core Delivery,75,2026-04-16,
20677,5022,10152,Cross-functional Delivery,75,2026-03-19,2026-08-01
20678,5142,10152,Cross-functional Delivery,50,2026-03-19,2026-08-01
20679,5530,10152,Cross-functional Delivery,25,2026-03-19,2026-08-01
20680,5536,10152,Cross-functional Delivery,25,2026-03-19,2026-08-01
20681,5723,10152,Core Delivery,100,2026-03-19,2026-08-01
20682,5189,10153,Cross-functional Delivery,75,2025-08-15,2026-07-25
20683,5611,10153,Core Delivery,100,2025-08-15,2026-07-25
20684,5616,10153,Core Delivery,50,2025-08-15,2026-07-25
20685,5759,10153,Cross-functional Delivery,50,2025-09-02,2026-07-25
20686,5233,10154,Cross-functional Delivery,75,2025-09-16,
20687,5471,10154,Cross-functional Delivery,75,2025-09-16,
20688,5582,10154,Cross-functional Delivery,100,2025-09-16,
20689,5723,10154,Cross-functional Delivery,75,2025-09-16,
20690,5732,10154,Cross-functional Delivery,25,2025-09-16,
20691,5248,10155,Core Delivery,25,2025-08-21,
20692,5616,10155,Cross-functional Delivery,25,2025-08-21,
20693,5622,10155,Cross-functional Delivery,50,2025-08-21,
20694,5925,10155,Cross-functional Delivery,25,2025-08-21,
20695,5238,10156,Cross-functional Delivery,100,2026-01-25,
20696,5656,10156,Core Delivery,100,2026-01-25,
20697,5685,10156,Core Delivery,50,2026-01-25,
20698,5756,10156,Cross-functional Delivery,25,2026-01-25,
20699,5069,10157,Cross-functional Delivery,75,2026-03-17,2026-08-22
20700,5452,10157,Core Delivery,75,2026-03-17,2026-08-22
20701,5490,10157,Cross-functional Delivery,75,2026-03-17,2026-08-22
20702,5516,10157,Cross-functional Delivery,100,2026-03-17,2026-08-22
20703,5561,10157,Cross-functional Delivery,100,2026-03-17,2026-08-22
20704,5355,10158,Cross-functional Delivery,25,2025-11-22,
20705,5601,10158,Cross-functional Delivery,75,2025-11-22,
20706,5790,10158,Cross-functional Delivery,25,2025-11-22,
20707,5219,10159,Cross-functional Delivery,25,2025-09-14,2026-08-19
20708,5638,10159,Cross-functional Delivery,100,2025-09-14,2026-08-19
20709,5694,10159,Cross-functional Delivery,100,2025-09-14,2026-08-19
20710,5418,10160,Core Delivery,100,2025-12-27,
20711,5425,10160,Core Delivery,100,2025-12-27,
20712,5571,10160,Cross-functional Delivery,75,2025-12-27,
20713,5724,10160,Cross-functional Delivery,25,2025-12-27,
20714,5077,10161,Cross-functional Delivery,25,2025-03-16,
20715,5208,10161,Core Delivery,25,2026-05-04,
20716,5562,10161,Cross-functional Delivery,100,2025-03-16,
20717,5795,10161,Cross-functional Delivery,75,2025-03-16,
20718,5033,10162,Cross-functional Delivery,75,2025-07-22,
20719,5293,10162,Cross-functional Delivery,25,2025-07-22,
20720,5534,10162,Core Delivery,25,2025-07-22,
20721,5645,10162,Cross-functional Delivery,50,2025-07-22,
20722,5036,10163,Cross-functional Delivery,75,2025-12-31,
20723,5110,10163,Cross-functional Delivery,25,2025-12-31,
20724,5642,10163,Cross-functional Delivery,100,2025-12-31,
20725,5121,10164,Core Delivery,75,2025-08-16,
20726,5149,10164,Core Delivery,25,2025-08-16,
20727,5413,10164,Cross-functional Delivery,100,2025-08-16,
20728,5639,10164,Cross-functional Delivery,75,2025-08-16,
20729,5877,10164,Cross-functional Delivery,100,2025-08-16,
20730,5660,10165,Core Delivery,25,2025-09-18,2026-07-17
20731,5766,10165,Cross-functional Delivery,25,2025-03-24,2026-07-17
20732,5345,10166,Cross-functional Delivery,75,2025-05-21,
20733,5498,10166,Cross-functional Delivery,50,2025-05-21,
20734,5597,10166,Cross-functional Delivery,100,2025-05-21,
20735,5701,10166,Cross-functional Delivery,100,2025-05-21,
20736,5807,10166,Cross-functional Delivery,50,2025-05-21,
20737,5981,10166,Cross-functional Delivery,75,2025-09-23,
20738,5375,10167,Cross-functional Delivery,50,2026-01-11,
20739,5588,10167,Cross-functional Delivery,100,2026-01-11,
20740,5619,10167,Cross-functional Delivery,100,2026-01-11,
20741,5820,10167,Core Delivery,50,2026-01-11,
20742,5068,10168,Cross-functional Delivery,100,2026-03-23,
20743,5324,10168,Core Delivery,100,2026-03-23,
20744,5489,10168,Cross-functional Delivery,25,2026-03-23,
20745,5700,10168,Cross-functional Delivery,50,2026-03-23,
20746,5731,10168,Cross-functional Delivery,100,2026-03-23,
20747,5124,10169,Cross-functional Delivery,25,2025-03-11,
20748,5432,10169,Cross-functional Delivery,100,2025-03-11,
20749,5496,10169,Core Delivery,100,2025-03-11,
20750,5552,10169,Core Delivery,25,2025-03-11,
20751,5809,10169,Cross-functional Delivery,75,2025-03-11,
20752,5145,10170,Core Delivery,25,2025-11-20,
20753,5418,10170,Cross-functional Delivery,75,2025-11-20,
20754,5464,10170,Cross-functional Delivery,100,2025-11-20,
20755,5648,10170,Cross-functional Delivery,50,2025-11-20,
20756,5657,10170,Cross-functional Delivery,75,2025-11-20,
20757,5218,10171,Core Delivery,100,2025-09-24,
20758,5319,10171,Core Delivery,25,2025-09-24,
20759,5624,10171,Cross-functional Delivery,100,2025-09-24,
20760,5131,10172,Cross-functional Delivery,100,2025-03-08,
20761,5332,10172,Core Delivery,25,2025-03-08,
20762,5493,10172,Cross-functional Delivery,50,2025-03-08,
20763,5794,10172,Cross-functional Delivery,50,2025-03-08,
20764,5043,10173,Cross-functional Delivery,25,2026-02-18,
20765,5160,10173,Cross-functional Delivery,25,2026-02-18,
20766,5275,10173,Cross-functional Delivery,50,2026-02-18,
20767,5901,10173,Cross-functional Delivery,100,2026-02-18,
20768,5008,10174,Core Delivery,75,2025-12-09,
20769,5021,10174,Core Delivery,100,2025-12-09,
20770,5123,10174,Core Delivery,50,2025-12-09,
20771,5554,10174,Cross-functional Delivery,100,2025-12-09,
20772,5637,10174,Cross-functional Delivery,25,2025-12-09,
20773,5717,10174,Cross-functional Delivery,75,2025-12-09,
20774,5050,10175,Cross-functional Delivery,25,2026-02-25,2026-07-24
20775,5099,10175,Cross-functional Delivery,25,2026-02-25,2026-07-24
20776,5272,10175,Cross-functional Delivery,75,2026-02-25,2026-07-24
20777,5301,10175,Cross-functional Delivery,50,2026-02-25,2026-07-24
20778,5190,10176,Cross-functional Delivery,25,2026-05-03,
20779,5718,10176,Cross-functional Delivery,100,2026-05-03,
20780,5846,10176,Cross-functional Delivery,75,2026-05-03,
20781,5544,10177,Cross-functional Delivery,75,2025-12-29,
20782,5709,10177,Core Delivery,75,2025-12-29,
20783,5208,10178,Cross-functional Delivery,25,2026-05-04,
20784,5327,10178,Cross-functional Delivery,100,2025-12-15,
20785,5376,10178,Cross-functional Delivery,100,2025-08-06,
20786,5435,10178,Cross-functional Delivery,100,2025-08-06,
20787,5463,10178,Cross-functional Delivery,75,2025-09-10,
20788,5632,10179,Cross-functional Delivery,25,2026-03-23,
20789,5685,10179,Cross-functional Delivery,50,2026-03-23,
20790,5739,10179,Cross-functional Delivery,100,2026-03-23,
20791,5891,10179,Core Delivery,75,2026-03-23,
20792,5158,10180,Cross-functional Delivery,100,2025-04-02,
20793,5897,10180,Cross-functional Delivery,50,2025-04-02,
20794,5232,10181,Cross-functional Delivery,25,2025-06-30,
20795,5262,10181,Cross-functional Delivery,25,2025-06-30,
20796,5457,10181,Cross-functional Delivery,50,2025-06-30,
20797,5152,10182,Cross-functional Delivery,75,2025-06-03,2026-07-10
20798,5429,10182,Cross-functional Delivery,25,2025-07-28,2026-07-10
20799,5602,10182,Cross-functional Delivery,100,2025-06-03,2026-07-10
20800,5652,10182,Cross-functional Delivery,50,2025-06-03,2026-07-10
20801,5749,10182,Core Delivery,100,2025-06-03,2026-07-10
20802,5086,10183,Cross-functional Delivery,75,2025-11-18,
20803,5502,10183,Cross-functional Delivery,50,2025-11-18,
20804,5620,10183,Cross-functional Delivery,50,2025-11-18,
20805,5651,10183,Cross-functional Delivery,50,2025-11-18,
20806,5914,10183,Cross-functional Delivery,100,2025-11-18,
20807,5404,10184,Cross-functional Delivery,75,2025-07-18,
20808,5456,10184,Cross-functional Delivery,25,2025-07-18,
20809,5686,10184,Cross-functional Delivery,100,2025-07-18,
20810,5234,10185,Cross-functional Delivery,25,2025-10-03,
20811,5361,10185,Cross-functional Delivery,75,2025-10-03,
20812,5451,10185,Cross-functional Delivery,75,2025-10-03,
20813,5529,10185,Cross-functional Delivery,75,2025-10-03,
20814,5845,10185,Cross-functional Delivery,50,2025-10-03,
20815,5058,10186,Cross-functional Delivery,25,2026-03-17,2026-07-20
20816,5117,10186,Cross-functional Delivery,75,2026-03-17,2026-07-20
20817,5281,10186,Cross-functional Delivery,75,2026-03-17,2026-07-20
20818,5745,10186,Cross-functional Delivery,75,2026-03-17,2026-07-20
20819,5890,10186,Cross-functional Delivery,100,2026-03-17,2026-07-20
20820,5104,10187,Cross-functional Delivery,25,2025-09-20,
20821,5444,10187,Cross-functional Delivery,75,2025-09-20,
20822,5510,10187,Core Delivery,100,2025-09-20,
20823,5590,10187,Core Delivery,50,2025-09-20,
20824,5082,10188,Cross-functional Delivery,25,2026-05-05,
20825,5127,10188,Cross-functional Delivery,50,2026-05-05,
20826,5216,10188,Cross-functional Delivery,50,2026-05-05,
20827,5310,10188,Cross-functional Delivery,75,2026-05-05,
20828,5872,10188,Cross-functional Delivery,100,2026-05-05,
20829,5995,10188,Core Delivery,25,2026-05-05,
20830,6000,10188,Core Delivery,25,2026-05-05,
20831,5023,10189,Cross-functional Delivery,25,2026-02-12,
20832,5282,10189,Cross-functional Delivery,25,2026-02-12,
20833,5570,10189,Cross-functional Delivery,100,2026-02-12,
20834,5026,10190,Cross-functional Delivery,50,2025-07-03,
20835,5118,10190,Cross-functional Delivery,75,2025-07-03,
20836,5582,10190,Core Delivery,100,2025-07-03,
20837,5857,10190,Cross-functional Delivery,75,2025-07-03,
20838,5954,10190,Cross-functional Delivery,25,2025-08-06,
20839,5470,10191,Cross-functional Delivery,100,2025-10-26,
20840,5628,10191,Cross-functional Delivery,50,2025-10-26,
20841,5659,10191,Cross-functional Delivery,50,2025-10-26,
20842,5697,10191,Cross-functional Delivery,50,2025-11-11,
20843,5208,10192,Core Delivery,75,2026-05-04,
20844,5269,10192,Core Delivery,100,2026-02-06,
20845,5526,10192,Cross-functional Delivery,50,2025-07-29,
20846,5527,10192,Cross-functional Delivery,50,2025-07-29,
20847,5789,10192,Cross-functional Delivery,75,2025-07-29,
20848,5884,10192,Cross-functional Delivery,75,2026-01-12,
20849,5566,10193,Cross-functional Delivery,25,2026-02-24,
20850,5870,10193,Cross-functional Delivery,25,2026-02-24,
20851,5885,10193,Cross-functional Delivery,25,2026-02-24,
20852,5903,10193,Cross-functional Delivery,100,2026-02-24,
20853,5966,10193,Cross-functional Delivery,50,2026-02-24,
20854,5307,10194,Cross-functional Delivery,50,2025-12-06,
20855,5348,10194,Cross-functional Delivery,75,2025-12-06,
20856,5407,10194,Cross-functional Delivery,100,2025-12-06,
20857,5443,10194,Cross-functional Delivery,50,2025-12-06,
20858,5491,10194,Cross-functional Delivery,25,2025-12-06,
20859,5956,10194,Cross-functional Delivery,50,2025-12-06,
20860,5209,10195,Cross-functional Delivery,100,2026-03-09,
20861,5466,10195,Core Delivery,25,2026-03-09,
20862,5509,10195,Cross-functional Delivery,100,2026-03-09,
20863,5250,10196,Cross-functional Delivery,75,2025-08-29,
20864,5768,10196,Core Delivery,25,2025-08-29,
20865,5201,10197,Cross-functional Delivery,100,2026-01-08,
20866,5225,10197,Cross-functional Delivery,25,2026-01-08,
20867,5261,10197,Cross-functional Delivery,25,2026-01-08,
20868,5393,10197,Cross-functional Delivery,75,2026-01-08,
20869,5024,10198,Cross-functional Delivery,25,2025-07-25,
20870,5235,10198,Cross-functional Delivery,25,2025-07-25,
20871,5388,10198,Cross-functional Delivery,25,2025-09-03,
20872,5586,10198,Cross-functional Delivery,75,2026-04-15,
20873,5679,10198,Core Delivery,25,2025-11-07,
20874,5006,10199,Cross-functional Delivery,50,2025-07-03,
20875,5126,10199,Cross-functional Delivery,100,2025-07-03,
20876,5336,10199,Cross-functional Delivery,25,2025-07-03,
20877,5352,10199,Cross-functional Delivery,25,2025-07-03,
20878,5593,10199,Core Delivery,75,2026-04-04,
20879,5154,10200,Cross-functional Delivery,50,2026-02-27,
20880,5524,10200,Cross-functional Delivery,100,2026-02-27,
20881,5627,10200,Cross-functional Delivery,25,2026-02-27,
20882,5804,10200,Cross-functional Delivery,25,2026-02-27,
20883,5046,10201,Cross-functional Delivery,75,2026-03-09,
20884,5669,10201,Cross-functional Delivery,50,2026-03-09,
20885,5832,10201,Cross-functional Delivery,100,2026-03-09,
20886,5929,10201,Cross-functional Delivery,25,2026-03-09,
20887,5214,10202,Cross-functional Delivery,50,2025-06-29,2026-07-12
20888,5299,10202,Cross-functional Delivery,50,2025-06-29,2026-07-12
20889,5431,10202,Cross-functional Delivery,25,2025-06-29,2026-07-12
20890,5721,10202,Cross-functional Delivery,25,2025-06-29,2026-07-12
20891,5861,10202,Cross-functional Delivery,100,2025-06-29,2026-07-12
20892,5030,10203,Cross-functional Delivery,25,2026-04-15,
20893,5822,10203,Cross-functional Delivery,100,2026-04-15,
20894,5865,10203,Cross-functional Delivery,75,2026-04-15,
20895,5256,10204,Cross-functional Delivery,25,2026-02-03,
20896,5342,10204,Cross-functional Delivery,25,2026-02-19,
20897,5343,10204,Cross-functional Delivery,100,2026-02-03,
20898,5448,10204,Cross-functional Delivery,75,2026-02-03,
20899,5596,10204,Cross-functional Delivery,25,2026-02-03,
20900,5135,10205,Cross-functional Delivery,75,2025-03-16,
20901,5184,10205,Cross-functional Delivery,75,2025-03-16,
20902,5221,10205,Cross-functional Delivery,75,2026-02-08,
20903,5984,10205,Core Delivery,50,2025-03-16,
20904,5047,10206,Cross-functional Delivery,50,2026-03-23,
20905,5532,10206,Cross-functional Delivery,100,2025-09-27,
20906,5689,10206,Cross-functional Delivery,100,2025-09-27,
20907,5741,10206,Cross-functional Delivery,50,2025-09-27,
20908,5340,10207,Cross-functional Delivery,100,2026-03-12,
20909,5875,10207,Core Delivery,75,2026-03-12,
20910,5911,10207,Core Delivery,50,2026-03-12,
20911,5941,10207,Cross-functional Delivery,75,2026-03-12,
20912,5139,10208,Cross-functional Delivery,75,2025-12-10,
20913,5178,10208,Cross-functional Delivery,100,2025-09-17,
20914,5279,10208,Cross-functional Delivery,25,2025-09-17,
20915,5629,10208,Cross-functional Delivery,100,2025-09-17,
20916,5996,10208,Cross-functional Delivery,25,2025-09-17,
20917,5244,10209,Cross-functional Delivery,50,2025-03-24,
20918,5295,10209,Cross-functional Delivery,100,2025-03-24,
20919,5500,10209,Cross-functional Delivery,50,2025-03-24,
20920,5589,10209,Cross-functional Delivery,75,2025-03-24,
20921,5155,10210,Cross-functional Delivery,25,2025-03-25,
20922,5245,10210,Cross-functional Delivery,50,2025-03-25,
20923,5546,10210,Cross-functional Delivery,25,2025-03-25,
20924,5831,10210,Core Delivery,25,2025-05-07,
20925,5988,10210,Cross-functional Delivery,75,2026-01-19,
20926,5200,10211,Cross-functional Delivery,75,2025-07-16,2026-08-29
20927,5288,10211,Cross-functional Delivery,25,2025-08-15,2026-08-29
20928,5331,10211,Cross-functional Delivery,50,2025-07-16,2026-08-29
20929,5482,10211,Cross-functional Delivery,75,2025-07-16,2026-08-29
20930,5048,10212,Cross-functional Delivery,100,2025-10-18,
20931,5475,10212,Cross-functional Delivery,50,2025-10-18,
20932,5866,10212,Cross-functional Delivery,50,2025-10-18,
20933,5365,10213,Core Delivery,25,2025-05-08,
20934,5469,10213,Core Delivery,100,2025-05-08,
20935,5719,10213,Cross-functional Delivery,75,2025-05-08,
20936,5770,10213,Cross-functional Delivery,50,2025-05-08,
20937,5095,10214,Cross-functional Delivery,75,2025-10-30,2026-07-13
20938,5133,10214,Cross-functional Delivery,100,2025-10-30,2026-07-13
20939,5196,10214,Cross-functional Delivery,75,2025-10-30,2026-07-13
20940,5696,10214,Cross-functional Delivery,50,2025-10-30,2026-07-13
20941,5075,10215,Cross-functional Delivery,75,2025-05-05,
20942,5165,10215,Cross-functional Delivery,50,2025-08-04,
20943,5777,10215,Cross-functional Delivery,100,2025-05-05,
20944,5788,10215,Cross-functional Delivery,25,2025-05-05,
20945,5883,10215,Cross-functional Delivery,100,2025-05-05,
20946,5019,10216,Cross-functional Delivery,75,2025-04-05,
20947,5311,10216,Cross-functional Delivery,100,2025-04-05,
20948,5401,10216,Cross-functional Delivery,25,2025-04-05,
20949,5572,10216,Core Delivery,100,2025-04-05,
20950,5577,10216,Core Delivery,100,2025-04-05,
20951,5722,10216,Cross-functional Delivery,50,2025-04-05,
20952,5061,10217,Core Delivery,50,2025-04-30,
20953,5386,10217,Cross-functional Delivery,75,2025-04-30,
20954,5563,10217,Cross-functional Delivery,75,2025-04-30,
20955,5825,10217,Cross-functional Delivery,50,2025-04-30,
20956,5055,10218,Cross-functional Delivery,75,2025-04-11,
20957,5151,10218,Cross-functional Delivery,50,2026-01-29,
20958,5641,10218,Cross-functional Delivery,75,2026-01-19,
20959,5938,10218,Core Delivery,50,2025-04-11,
20960,5246,10219,Cross-functional Delivery,100,2025-11-29,2026-08-17
20961,5450,10219,Cross-functional Delivery,75,2025-11-29,2026-08-17
20962,5775,10219,Core Delivery,100,2025-11-29,2026-08-17
20963,5842,10219,Core Delivery,50,2025-11-29,2026-08-17
20964,5986,10219,Cross-functional Delivery,25,2025-11-29,2026-08-17
20965,5125,10220,Cross-functional Delivery,75,2025-05-29,
20966,5192,10220,Cross-functional Delivery,75,2025-11-18,
20967,5280,10220,Cross-functional Delivery,25,2025-05-29,
20968,5655,10220,Cross-functional Delivery,100,2025-05-29,
20969,5760,10220,Cross-functional Delivery,100,2025-05-29,
20970,5066,10221,Cross-functional Delivery,75,2025-04-14,
20971,5085,10221,Cross-functional Delivery,25,2025-04-14,
20972,5227,10221,Cross-functional Delivery,100,2025-04-14,
20973,5960,10221,Cross-functional Delivery,75,2025-04-14,
20974,5177,10222,Cross-functional Delivery,100,2025-12-22,
20975,5299,10222,Core Delivery,75,2025-12-22,
20976,5334,10222,Core Delivery,75,2026-04-30,
20977,5545,10222,Cross-functional Delivery,25,2025-12-22,
20978,5111,10223,Cross-functional Delivery,75,2025-06-09,
20979,5243,10223,Cross-functional Delivery,100,2025-06-09,
20980,5584,10223,Cross-functional Delivery,50,2025-06-09,
20981,5045,10224,Core Delivery,50,2025-12-29,
20982,5465,10224,Cross-functional Delivery,50,2025-12-29,
20983,5514,10224,Cross-functional Delivery,25,2025-12-29,
20984,5993,10224,Cross-functional Delivery,25,2025-12-29,
20985,5181,10225,Cross-functional Delivery,75,2025-03-18,
20986,5231,10225,Cross-functional Delivery,75,2025-06-15,
20987,5410,10225,Cross-functional Delivery,25,2025-03-18,
20988,5730,10225,Cross-functional Delivery,25,2025-03-18,
20989,5840,10225,Cross-functional Delivery,100,2025-03-18,
20990,5025,10226,Cross-functional Delivery,75,2026-03-01,
20991,5501,10226,Core Delivery,25,2026-03-01,
20992,5710,10226,Cross-functional Delivery,25,2026-03-01,
20993,5725,10226,Cross-functional Delivery,50,2026-03-01,
20994,5122,10227,Cross-functional Delivery,25,2025-10-08,
20995,5141,10227,Cross-functional Delivery,25,2025-10-08,
20996,5406,10227,Cross-functional Delivery,25,2025-10-08,
20997,5881,10227,Cross-functional Delivery,100,2025-10-08,
20998,5028,10228,Cross-functional Delivery,100,2025-04-05,
20999,5499,10228,Cross-functional Delivery,25,2026-02-09,
21000,5612,10228,Core Delivery,25,2025-04-05,
21001,5704,10228,Core Delivery,50,2025-04-05,
21002,5713,10228,Core Delivery,75,2025-04-05,
21003,5949,10228,Cross-functional Delivery,75,2025-10-02,
21004,5112,10229,Cross-functional Delivery,100,2025-06-15,
21005,5231,10229,Core Delivery,100,2025-06-15,
21006,5440,10229,Cross-functional Delivery,25,2026-03-08,
21007,5839,10229,Cross-functional Delivery,50,2025-06-15,
21008,5983,10229,Cross-functional Delivery,50,2025-10-23,
21009,5430,10230,Cross-functional Delivery,25,2025-07-29,
21010,5640,10230,Cross-functional Delivery,100,2025-07-29,
21011,5687,10230,Cross-functional Delivery,75,2025-07-29,
21012,5902,10230,Cross-functional Delivery,50,2025-07-29,
21013,5969,10230,Cross-functional Delivery,75,2025-07-29,
21014,5174,10231,Cross-functional Delivery,75,2025-07-29,2026-08-17
21015,5556,10231,Cross-functional Delivery,25,2025-07-29,2026-08-17
21016,5560,10231,Cross-functional Delivery,50,2025-07-29,2026-08-17
21017,5918,10231,Cross-functional Delivery,25,2025-07-29,2026-08-17
21018,5982,10231,Cross-functional Delivery,25,2026-01-25,2026-08-17
21019,5080,10232,Cross-functional Delivery,50,2025-11-25,
21020,5094,10232,Cross-functional Delivery,50,2025-04-23,
21021,5119,10232,Cross-functional Delivery,100,2025-04-23,
21022,5497,10232,Cross-functional Delivery,75,2025-04-23,
21023,5999,10232,Cross-functional Delivery,75,2025-04-23,
21024,5037,10233,Cross-functional Delivery,25,2026-02-19,2026-07-17
21025,5217,10233,Cross-functional Delivery,25,2026-02-19,2026-07-17
21026,5474,10233,Cross-functional Delivery,50,2026-02-19,2026-07-17
21027,5919,10233,Cross-functional Delivery,100,2026-02-19,2026-07-17
21028,5004,10234,Cross-functional Delivery,25,2026-02-15,
21029,5210,10234,Cross-functional Delivery,25,2026-02-15,
21030,5242,10234,Cross-functional Delivery,75,2026-02-15,
21031,5557,10234,Cross-functional Delivery,25,2026-02-15,
21032,5810,10234,Cross-functional Delivery,75,2026-02-15,
21033,5815,10234,Cross-functional Delivery,50,2026-02-15,
21034,5137,10235,Cross-functional Delivery,50,2025-12-12,
21035,5264,10235,Cross-functional Delivery,75,2025-12-12,
21036,5555,10235,Cross-functional Delivery,75,2025-12-12,
21037,5663,10235,Cross-functional Delivery,100,2025-12-12,
21038,5913,10235,Cross-functional Delivery,75,2025-12-12,
21039,5093,10236,Cross-functional Delivery,25,2026-03-25,
21040,5148,10236,Cross-functional Delivery,100,2026-03-25,
21041,5455,10236,Cross-functional Delivery,75,2026-03-25,
21042,5568,10236,Cross-functional Delivery,25,2026-03-25,
21043,5927,10236,Cross-functional Delivery,100,2026-03-25,
21044,5746,10237,Cross-functional Delivery,25,2025-09-14,
21045,5996,10237,Core Delivery,100,2025-09-14,
21046,5309,10238,Cross-functional Delivery,50,2025-05-28,
21047,5606,10238,Cross-functional Delivery,50,2025-05-28,
21048,5781,10238,Cross-functional Delivery,100,2025-05-28,
21049,5952,10238,Cross-functional Delivery,25,2025-05-28,
21050,5073,10239,Cross-functional Delivery,75,2026-03-30,2026-07-25
21051,5156,10239,Cross-functional Delivery,75,2026-03-30,2026-07-25
21052,5206,10239,Cross-functional Delivery,25,2026-03-30,2026-07-25
21053,5714,10239,Cross-functional Delivery,50,2026-03-30,2026-07-25
21054,5044,10240,Cross-functional Delivery,25,2025-11-09,2026-08-12
21055,5215,10240,Cross-functional Delivery,25,2025-11-09,2026-08-12
21056,5437,10240,Core Delivery,25,2025-11-09,2026-08-12
21057,5664,10240,Cross-functional Delivery,100,2025-11-09,2026-08-12
21058,5965,10240,Cross-functional Delivery,75,2025-11-09,2026-08-12
