project_technology_id,project_id,skill_id,required_proficiency_level,is_primary_technology
90001,10001,7002,Intermediate,True
90002,10001,7014,Expert,False
90003,10001,7017,Intermediate,False
90004,10002,7015,Intermediate,True
90005,10002,7001,Advanced,False
90006,10002,7024,Intermediate,False
90007,10003,7024,Advanced,True
90008,10003,7002,Advanced,False
90009,10003,7028,Advanced,False
90010,10003,7008,Intermediate,False
90011,10004,7006,Expert,True
90012,10004,7026,Advanced,False
90013,10004,7009,Advanced,False
90014,10005,7012,Intermediate,True
90015,10005,7026,Beginner,False
90016,10005,7011,Intermediate,False
90017,10006,7023,Intermediate,True
90018,10006,7027,Advanced,False
90019,10006,7009,Advanced,False
90020,10007,7007,Expert,True
90021,10007,7014,Advanced,False
90022,10007,7006,Advanced,False
90023,10007,7020,Advanced,False
90024,10008,7021,Advanced,True
90025,10008,7023,Intermediate,False
90026,10008,7026,Advanced,False
90027,10009,7018,Advanced,True
90028,10009,7013,Advanced,False
90029,10009,7008,Intermediate,False
90030,10010,7017,Advanced,True
90031,10010,7011,Advanced,False
90032,10010,7012,Advanced,False
90033,10010,7030,Expert,False
90034,10011,7026,Expert,True
90035,10011,7013,Intermediate,False
90036,10011,7007,Beginner,False
90037,10011,7022,Intermediate,False
90038,10012,7018,Intermediate,True
90039,10012,7022,Advanced,False
90040,10012,7020,Advanced,False
90041,10012,7010,Intermediate,False
90042,10012,7009,Advanced,False
90043,10013,7006,Advanced,True
90044,10013,7010,Intermediate,False
90045,10014,7007,Expert,True
90046,10014,7005,Advanced,False
90047,10014,7004,Intermediate,False
90048,10015,7007,Advanced,True
90049,10015,7017,Advanced,False
90050,10015,7012,Intermediate,False
90051,10016,7019,Expert,True
90052,10016,7002,Advanced,False
90053,10016,7006,Advanced,False
90054,10017,7028,Advanced,True
90055,10017,7012,Intermediate,False
90056,10017,7025,Expert,False
90057,10018,7020,Advanced,True
90058,10018,7006,Advanced,False
90059,10018,7018,Advanced,False
90060,10019,7019,Advanced,True
90061,10019,7009,Intermediate,False
90062,10019,7027,Advanced,False
90063,10020,7029,Advanced,True
90064,10020,7008,Intermediate,False
90065,10021,7007,Advanced,True
90066,10021,7029,Advanced,False
90067,10021,7030,Expert,False
90068,10022,7006,Advanced,True
90069,10022,7017,Intermediate,False
90070,10022,7024,Intermediate,False
90071,10023,7002,Expert,True
90072,10023,7031,Advanced,False
90073,10023,7007,Advanced,False
90074,10024,7007,Advanced,True
90075,10024,7030,Advanced,False
90076,10024,7005,Intermediate,False
90077,10025,7020,Advanced,True
90078,10025,7012,Advanced,False
90079,10025,7011,Expert,False
90080,10026,7006,Expert,True
90081,10026,7011,Advanced,False
90082,10027,7028,Expert,True
90083,10027,7027,Intermediate,False
90084,10028,7025,Expert,True
90085,10028,7010,Intermediate,False
90086,10029,7025,Expert,True
90087,10029,7009,Advanced,False
90088,10029,7014,Advanced,False
90089,10030,7006,Advanced,True
90090,10030,7031,Intermediate,False
90091,10030,7018,Beginner,False
90092,10031,7005,Advanced,True
90093,10031,7016,Intermediate,False
90094,10031,7009,Advanced,False
90095,10032,7006,Advanced,True
90096,10032,7002,Beginner,False
90097,10032,7007,Advanced,False
90098,10033,7018,Expert,True
90099,10033,7026,Intermediate,False
90100,10033,7031,Intermediate,False
90101,10034,7020,Expert,True
90102,10034,7006,Intermediate,False
90103,10034,7024,Intermediate,False
90104,10035,7009,Advanced,True
90105,10035,7020,Beginner,False
90106,10035,7011,Beginner,False
90107,10036,7007,Expert,True
90108,10036,7011,Intermediate,False
90109,10036,7004,Beginner,False
90110,10037,7002,Advanced,True
90111,10037,7022,Advanced,False
90112,10037,7010,Advanced,False
90113,10038,7002,Intermediate,True
90114,10038,7003,Advanced,False
90115,10038,7030,Intermediate,False
90116,10038,7016,Beginner,False
90117,10039,7025,Advanced,True
90118,10039,7015,Advanced,False
90119,10040,7001,Intermediate,True
90120,10040,7011,Intermediate,False
90121,10040,7010,Beginner,False
90122,10041,7021,Advanced,True
90123,10041,7009,Intermediate,False
90124,10042,7001,Advanced,True
90125,10042,7028,Advanced,False
90126,10042,7006,Advanced,False
90127,10042,7014,Intermediate,False
90128,10043,7017,Expert,True
90129,10043,7018,Intermediate,False
90130,10043,7019,Beginner,False
90131,10043,7022,Intermediate,False
90132,10044,7020,Intermediate,True
90133,10044,7029,Intermediate,False
90134,10045,7007,Advanced,True
90135,10045,7014,Intermediate,False
90136,10045,7005,Beginner,False
90137,10046,7006,Advanced,True
90138,10046,7027,Beginner,False
90139,10046,7026,Intermediate,False
90140,10047,7030,Expert,True
90141,10047,7007,Intermediate,False
90142,10047,7016,Advanced,False
90143,10048,7021,Expert,True
90144,10048,7020,Advanced,False
90145,10049,7007,Advanced,True
90146,10049,7018,Intermediate,False
90147,10049,7014,Advanced,False
90148,10050,7008,Intermediate,True
90149,10050,7003,Intermediate,False
90150,10050,7011,Beginner,False
90151,10051,7027,Advanced,True
90152,10051,7015,Intermediate,False
90153,10051,7023,Intermediate,False
90154,10051,7011,Intermediate,False
90155,10052,7020,Expert,True
90156,10052,7024,Intermediate,False
90157,10052,7016,Advanced,False
90158,10053,7001,Advanced,True
90159,10053,7009,Advanced,False
90160,10053,7011,Intermediate,False
90161,10054,7015,Advanced,True
90162,10054,7001,Intermediate,False
90163,10054,7018,Intermediate,False
90164,10054,7007,Intermediate,False
90165,10055,7026,Expert,True
90166,10055,7022,Advanced,False
90167,10055,7009,Intermediate,False
90168,10055,7013,Intermediate,False
90169,10056,7008,Expert,True
90170,10056,7023,Beginner,False
90171,10056,7029,Intermediate,False
90172,10057,7001,Expert,True
90173,10057,7003,Expert,False
90174,10058,7020,Advanced,True
90175,10058,7012,Intermediate,False
90176,10058,7025,Beginner,False
90177,10059,7007,Expert,True
90178,10059,7012,Beginner,False
90179,10059,7025,Intermediate,False
90180,10060,7020,Intermediate,True
90181,10060,7030,Intermediate,False
90182,10060,7024,Expert,False
90183,10060,7004,Expert,False
90184,10061,7005,Expert,True
90185,10061,7017,Advanced,False
90186,10062,7007,Intermediate,True
90187,10062,7017,Intermediate,False
90188,10062,7005,Advanced,False
90189,10062,7008,Advanced,False
90190,10062,7015,Advanced,False
90191,10063,7021,Advanced,True
90192,10063,7011,Intermediate,False
90193,10063,7023,Intermediate,False
90194,10063,7019,Intermediate,False
90195,10064,7017,Advanced,True
90196,10064,7012,Beginner,False
90197,10064,7011,Advanced,False
90198,10065,7004,Expert,True
90199,10065,7030,Intermediate,False
90200,10065,7008,Intermediate,False
90201,10065,7024,Advanced,False
90202,10065,7009,Expert,False
90203,10066,7007,Intermediate,True
90204,10066,7027,Advanced,False
90205,10066,7008,Advanced,False
90206,10066,7022,Advanced,False
90207,10067,7014,Intermediate,True
90208,10067,7024,Intermediate,False
90209,10067,7029,Advanced,False
90210,10067,7025,Intermediate,False
90211,10068,7026,Expert,True
90212,10068,7020,Advanced,False
90213,10069,7027,Advanced,True
90214,10069,7019,Advanced,False
90215,10069,7010,Intermediate,False
90216,10070,7028,Expert,True
90217,10070,7024,Intermediate,False
90218,10070,7027,Advanced,False
90219,10070,7017,Intermediate,False
90220,10071,7021,Advanced,True
90221,10071,7030,Intermediate,False
90222,10071,7005,Intermediate,False
90223,10072,7007,Advanced,True
90224,10072,7001,Advanced,False
90225,10072,7028,Expert,False
90226,10072,7030,Intermediate,False
90227,10073,7026,Expert,True
90228,10073,7022,Advanced,False
90229,10073,7001,Expert,False
90230,10074,7005,Advanced,True
90231,10074,7012,Intermediate,False
90232,10074,7003,Intermediate,False
90233,10074,7028,Beginner,False
90234,10075,7001,Advanced,True
90235,10075,7031,Expert,False
90236,10076,7007,Intermediate,True
90237,10076,7025,Advanced,False
90238,10076,7008,Advanced,False
90239,10076,7013,Advanced,False
90240,10077,7030,Advanced,True
90241,10077,7010,Intermediate,False
90242,10077,7003,Advanced,False
90243,10077,7016,Intermediate,False
90244,10078,7019,Expert,True
90245,10078,7028,Intermediate,False
90246,10078,7024,Beginner,False
90247,10079,7024,Intermediate,True
90248,10079,7023,Beginner,False
90249,10079,7011,Expert,False
90250,10080,7017,Advanced,True
90251,10080,7028,Intermediate,False
90252,10080,7003,Advanced,False
90253,10081,7025,Advanced,True
90254,10081,7005,Advanced,False
90255,10082,7020,Expert,True
90256,10082,7011,Intermediate,False
90257,10083,7018,Advanced,True
90258,10083,7024,Intermediate,False
90259,10083,7021,Intermediate,False
90260,10084,7030,Advanced,True
90261,10084,7013,Beginner,False
90262,10084,7018,Intermediate,False
90263,10085,7007,Expert,True
90264,10085,7008,Advanced,False
90265,10085,7003,Intermediate,False
90266,10086,7031,Advanced,True
90267,10086,7022,Advanced,False
90268,10087,7020,Expert,True
90269,10087,7001,Advanced,False
90270,10087,7012,Intermediate,False
90271,10087,7002,Intermediate,False
90272,10088,7020,Advanced,True
90273,10088,7027,Intermediate,False
90274,10088,7018,Intermediate,False
90275,10089,7002,Advanced,True
90276,10089,7015,Advanced,False
90277,10089,7003,Advanced,False
90278,10090,7018,Advanced,True
90279,10090,7002,Advanced,False
90280,10090,7017,Advanced,False
90281,10091,7017,Advanced,True
90282,10091,7006,Intermediate,False
90283,10091,7014,Advanced,False
90284,10092,7006,Advanced,True
90285,10092,7022,Intermediate,False
90286,10092,7026,Intermediate,False
90287,10093,7005,Intermediate,True
90288,10093,7029,Advanced,False
90289,10093,7012,Intermediate,False
90290,10094,7023,Intermediate,True
90291,10094,7022,Advanced,False
90292,10094,7001,Advanced,False
90293,10094,7011,Advanced,False
90294,10094,7002,Advanced,False
90295,10095,7006,Advanced,True
90296,10095,7008,Advanced,False
90297,10095,7027,Intermediate,False
90298,10096,7026,Intermediate,True
90299,10096,7031,Advanced,False
90300,10096,7005,Expert,False
90301,10096,7001,Advanced,False
90302,10097,7030,Intermediate,True
90303,10097,7022,Intermediate,False
90304,10097,7011,Advanced,False
90305,10098,7009,Intermediate,True
90306,10098,7017,Intermediate,False
90307,10099,7020,Advanced,True
90308,10099,7021,Expert,False
90309,10100,7021,Expert,True
90310,10100,7031,Advanced,False
90311,10100,7002,Intermediate,False
90312,10101,7007,Advanced,True
90313,10101,7023,Expert,False
90314,10101,7001,Intermediate,False
90315,10102,7028,Advanced,True
90316,10102,7025,Advanced,False
90317,10103,7006,Intermediate,True
90318,10103,7002,Intermediate,False
90319,10104,7027,Advanced,True
90320,10104,7026,Beginner,False
90321,10105,7027,Advanced,True
90322,10105,7015,Advanced,False
90323,10105,7025,Intermediate,False
90324,10106,7025,Advanced,True
90325,10106,7002,Intermediate,False
90326,10106,7020,Intermediate,False
90327,10107,7018,Expert,True
90328,10107,7015,Intermediate,False
90329,10107,7029,Intermediate,False
90330,10108,7009,Expert,True
90331,10108,7014,Beginner,False
90332,10108,7017,Intermediate,False
90333,10108,7018,Advanced,False
90334,10109,7026,Advanced,True
90335,10109,7003,Beginner,False
90336,10109,7028,Intermediate,False
90337,10110,7005,Expert,True
90338,10110,7001,Intermediate,False
90339,10110,7006,Intermediate,False
90340,10110,7023,Advanced,False
90341,10111,7017,Advanced,True
90342,10111,7013,Intermediate,False
90343,10111,7021,Advanced,False
90344,10111,7027,Advanced,False
90345,10112,7017,Intermediate,True
90346,10112,7013,Advanced,False
90347,10112,7026,Intermediate,False
90348,10113,7008,Intermediate,True
90349,10113,7026,Intermediate,False
90350,10113,7011,Intermediate,False
90351,10113,7022,Advanced,False
90352,10114,7021,Advanced,True
90353,10114,7026,Advanced,False
90354,10114,7015,Advanced,False
90355,10115,7022,Expert,True
90356,10115,7025,Advanced,False
90357,10115,7029,Advanced,False
90358,10116,7031,Intermediate,True
90359,10116,7025,Intermediate,False
90360,10116,7016,Advanced,False
90361,10117,7013,Intermediate,True
90362,10117,7021,Advanced,False
90363,10117,7022,Expert,False
90364,10118,7015,Expert,True
90365,10118,7002,Intermediate,False
90366,10118,7006,Intermediate,False
90367,10119,7006,Advanced,True
90368,10119,7002,Intermediate,False
90369,10119,7026,Advanced,False
90370,10119,7008,Advanced,False
90371,10119,7014,Intermediate,False
90372,10120,7003,Advanced,True
90373,10120,7027,Advanced,False
90374,10120,7026,Intermediate,False
90375,10120,7024,Advanced,False
90376,10121,7030,Intermediate,True
90377,10121,7016,Advanced,False
90378,10121,7014,Intermediate,False
90379,10121,7001,Intermediate,False
90380,10122,7009,Expert,True
90381,10122,7004,Advanced,False
90382,10122,7012,Intermediate,False
90383,10123,7008,Advanced,True
90384,10123,7031,Intermediate,False
90385,10123,7020,Advanced,False
90386,10123,7013,Intermediate,False
90387,10124,7005,Advanced,True
90388,10124,7011,Expert,False
90389,10124,7007,Advanced,False
90390,10124,7009,Intermediate,False
90391,10125,7007,Advanced,True
90392,10125,7004,Intermediate,False
90393,10125,7015,Beginner,False
90394,10126,7030,Advanced,True
90395,10126,7017,Intermediate,False
90396,10126,7020,Intermediate,False
90397,10126,7013,Intermediate,False
90398,10126,7011,Advanced,False
90399,10127,7005,Advanced,True
90400,10127,7002,Intermediate,False
90401,10127,7010,Intermediate,False
90402,10127,7019,Advanced,False
90403,10128,7008,Advanced,True
90404,10128,7023,Beginner,False
90405,10129,7018,Advanced,True
90406,10129,7005,Intermediate,False
90407,10129,7007,Advanced,False
90408,10130,7020,Expert,True
90409,10130,7014,Intermediate,False
90410,10130,7008,Advanced,False
90411,10131,7007,Advanced,True
90412,10131,7027,Advanced,False
90413,10131,7028,Beginner,False
90414,10132,7005,Expert,True
90415,10132,7021,Intermediate,False
90416,10132,7002,Intermediate,False
90417,10133,7029,Expert,True
90418,10133,7016,Advanced,False
90419,10133,7001,Intermediate,False
90420,10134,7001,Advanced,True
90421,10134,7013,Intermediate,False
90422,10134,7018,Intermediate,False
90423,10134,7029,Intermediate,False
90424,10135,7006,Expert,True
90425,10135,7012,Advanced,False
90426,10135,7021,Advanced,False
90427,10135,7023,Beginner,False
90428,10136,7014,Advanced,True
90429,10136,7023,Advanced,False
90430,10136,7017,Intermediate,False
90431,10137,7028,Advanced,True
90432,10137,7009,Intermediate,False
90433,10137,7026,Intermediate,False
90434,10138,7025,Expert,True
90435,10138,7020,Intermediate,False
90436,10138,7011,Intermediate,False
90437,10138,7001,Intermediate,False
90438,10139,7028,Advanced,True
90439,10139,7003,Intermediate,False
90440,10139,7009,Beginner,False
90441,10140,7002,Advanced,True
90442,10140,7024,Advanced,False
90443,10140,7019,Intermediate,False
90444,10141,7029,Expert,True
90445,10141,7012,Advanced,False
90446,10141,7010,Intermediate,False
90447,10142,7002,Expert,True
90448,10142,7011,Intermediate,False
90449,10142,7031,Intermediate,False
90450,10143,7011,Expert,True
90451,10143,7021,Advanced,False
90452,10143,7018,Expert,False
90453,10144,7029,Advanced,True
90454,10144,7021,Advanced,False
90455,10144,7019,Advanced,False
90456,10144,7031,Intermediate,False
90457,10145,7031,Intermediate,True
90458,10145,7021,Intermediate,False
90459,10145,7005,Advanced,False
90460,10146,7006,Intermediate,True
90461,10146,7001,Advanced,False
90462,10146,7014,Advanced,False
90463,10147,7003,Advanced,True
90464,10147,7029,Intermediate,False
90465,10147,7025,Intermediate,False
90466,10147,7022,Intermediate,False
90467,10148,7005,Intermediate,True
90468,10148,7021,Advanced,False
90469,10148,7024,Intermediate,False
90470,10148,7009,Intermediate,False
90471,10148,7026,Intermediate,False
90472,10149,7010,Advanced,True
90473,10149,7011,Advanced,False
90474,10149,7019,Intermediate,False
90475,10149,7031,Intermediate,False
90476,10150,7008,Advanced,True
90477,10150,7018,Intermediate,False
90478,10150,7030,Intermediate,False
90479,10150,7009,Advanced,False
90480,10151,7006,Expert,True
90481,10151,7009,Intermediate,False
90482,10151,7016,Intermediate,False
90483,10152,7014,Expert,True
90484,10152,7005,Beginner,False
90485,10152,7022,Intermediate,False
90486,10152,7021,Beginner,False
90487,10153,7008,Advanced,True
90488,10153,7023,Advanced,False
90489,10153,7026,Advanced,False
90490,10153,7011,Intermediate,False
90491,10154,7019,Advanced,True
90492,10154,7027,Advanced,False
90493,10154,7021,Intermediate,False
90494,10155,7007,Intermediate,True
90495,10155,7012,Beginner,False
90496,10155,7018,Beginner,False
90497,10155,7029,Expert,False
90498,10155,7017,Advanced,False
90499,10156,7007,Intermediate,True
90500,10156,7011,Intermediate,False
90501,10156,7004,Advanced,False
90502,10156,7010,Intermediate,False
90503,10157,7006,Expert,True
90504,10157,7012,Advanced,False
90505,10157,7029,Advanced,False
90506,10157,7016,Intermediate,False
90507,10158,7020,Expert,True
90508,10158,7002,Intermediate,False
90509,10159,7018,Advanced,True
90510,10159,7009,Intermediate,False
90511,10159,7030,Beginner,False
90512,10159,7003,Expert,False
90513,10160,7002,Expert,True
90514,10160,7007,Advanced,False
90515,10160,7009,Advanced,False
90516,10160,7018,Beginner,False
90517,10160,7012,Intermediate,False
90518,10161,7010,Expert,True
90519,10161,7007,Advanced,False
90520,10161,7031,Beginner,False
90521,10162,7021,Intermediate,True
90522,10162,7012,Intermediate,False
90523,10162,7028,Advanced,False
90524,10163,7020,Advanced,True
90525,10163,7013,Intermediate,False
90526,10164,7001,Advanced,True
90527,10164,7027,Advanced,False
90528,10164,7019,Intermediate,False
90529,10165,7007,Advanced,True
90530,10165,7015,Intermediate,False
90531,10165,7030,Advanced,False
90532,10166,7028,Intermediate,True
90533,10166,7022,Expert,False
90534,10166,7015,Expert,False
90535,10166,7013,Intermediate,False
90536,10167,7027,Advanced,True
90537,10167,7022,Intermediate,False
90538,10167,7019,Advanced,False
90539,10168,7005,Intermediate,True
90540,10168,7014,Intermediate,False
90541,10168,7001,Expert,False
90542,10169,7020,Expert,True
90543,10169,7009,Intermediate,False
90544,10169,7026,Advanced,False
90545,10170,7002,Expert,True
90546,10170,7001,Intermediate,False
90547,10170,7004,Intermediate,False
90548,10170,7022,Beginner,False
90549,10171,7008,Intermediate,True
90550,10171,7031,Intermediate,False
90551,10171,7023,Advanced,False
90552,10171,7017,Advanced,False
90553,10171,7010,Expert,False
90554,10172,7011,Expert,True
90555,10172,7002,Advanced,False
90556,10172,7020,Advanced,False
90557,10172,7019,Intermediate,False
90558,10172,7030,Intermediate,False
90559,10173,7031,Expert,True
90560,10173,7014,Advanced,False
90561,10173,7019,Intermediate,False
90562,10173,7004,Advanced,False
90563,10174,7002,Advanced,True
90564,10174,7016,Advanced,False
90565,10174,7009,Intermediate,False
90566,10175,7002,Intermediate,True
90567,10175,7029,Intermediate,False
90568,10175,7005,Intermediate,False
90569,10176,7007,Advanced,True
90570,10176,7003,Intermediate,False
90571,10176,7012,Advanced,False
90572,10176,7028,Intermediate,False
90573,10177,7014,Intermediate,True
90574,10177,7006,Intermediate,False
90575,10177,7004,Intermediate,False
90576,10178,7020,Expert,True
90577,10178,7008,Beginner,False
90578,10179,7029,Expert,True
90579,10179,7010,Intermediate,False
90580,10179,7012,Intermediate,False
90581,10180,7030,Expert,True
90582,10180,7013,Advanced,False
90583,10180,7029,Intermediate,False
90584,10181,7021,Advanced,True
90585,10181,7016,Intermediate,False
90586,10181,7025,Intermediate,False
90587,10182,7026,Intermediate,True
90588,10182,7006,Advanced,False
90589,10183,7005,Expert,True
90590,10183,7030,Advanced,False
90591,10183,7009,Advanced,False
90592,10184,7020,Advanced,True
90593,10184,7011,Intermediate,False
90594,10185,7024,Expert,True
90595,10185,7018,Intermediate,False
90596,10185,7031,Advanced,False
90597,10186,7020,Expert,True
90598,10186,7006,Intermediate,False
90599,10186,7024,Beginner,False
90600,10186,7022,Beginner,False
90601,10187,7005,Expert,True
90602,10187,7030,Intermediate,False
90603,10187,7008,Advanced,False
90604,10187,7027,Advanced,False
90605,10188,7031,Advanced,True
90606,10188,7005,Advanced,False
90607,10188,7021,Intermediate,False
90608,10188,7007,Advanced,False
90609,10189,7029,Advanced,True
90610,10189,7003,Intermediate,False
90611,10189,7019,Intermediate,False
90612,10190,7020,Expert,True
90613,10190,7010,Intermediate,False
90614,10190,7007,Advanced,False
90615,10191,7005,Expert,True
90616,10191,7031,Advanced,False
90617,10191,7007,Advanced,False
90618,10192,7005,Intermediate,True
90619,10192,7024,Beginner,False
90620,10192,7011,Advanced,False
90621,10193,7005,Expert,True
90622,10193,7011,Advanced,False
90623,10193,7025,Advanced,False
90624,10193,7009,Advanced,False
90625,10193,7003,Intermediate,False
90626,10194,7028,Expert,True
90627,10194,7018,Intermediate,False
90628,10194,7014,Advanced,False
90629,10195,7002,Advanced,True
90630,10195,7009,Beginner,False
90631,10195,7001,Beginner,False
90632,10195,7010,Advanced,False
90633,10196,7025,Advanced,True
90634,10196,7014,Intermediate,False
90635,10196,7013,Advanced,False
90636,10197,7029,Expert,True
90637,10197,7007,Advanced,False
90638,10198,7014,Advanced,True
90639,10198,7026,Advanced,False
90640,10198,7020,Intermediate,False
90641,10198,7029,Intermediate,False
90642,10198,7024,Intermediate,False
90643,10199,7015,Intermediate,True
90644,10199,7008,Intermediate,False
90645,10199,7030,Intermediate,False
90646,10200,7017,Intermediate,True
90647,10200,7001,Beginner,False
90648,10200,7011,Intermediate,False
90649,10201,7021,Intermediate,True
90650,10201,7006,Advanced,False
90651,10201,7020,Expert,False
90652,10202,7020,Advanced,True
90653,10202,7017,Advanced,False
90654,10203,7018,Expert,True
90655,10203,7030,Advanced,False
90656,10203,7014,Advanced,False
90657,10204,7002,Advanced,True
90658,10204,7027,Intermediate,False
90659,10204,7003,Expert,False
90660,10204,7014,Intermediate,False
90661,10204,7025,Intermediate,False
90662,10205,7006,Advanced,True
90663,10205,7025,Advanced,False
90664,10205,7007,Advanced,False
90665,10206,7020,Advanced,True
90666,10206,7003,Advanced,False
90667,10206,7029,Intermediate,False
90668,10207,7029,Advanced,True
90669,10207,7020,Advanced,False
90670,10207,7026,Intermediate,False
90671,10207,7003,Beginner,False
90672,10208,7020,Advanced,True
90673,10208,7027,Beginner,False
90674,10208,7010,Beginner,False
90675,10209,7006,Advanced,True
90676,10209,7015,Intermediate,False
90677,10209,7026,Intermediate,False
90678,10209,7028,Expert,False
90679,10210,7006,Advanced,True
90680,10210,7008,Beginner,False
90681,10210,7023,Expert,False
90682,10211,7025,Expert,True
90683,10211,7008,Advanced,False
90684,10211,7023,Intermediate,False
90685,10211,7005,Advanced,False
90686,10212,7006,Intermediate,True
90687,10212,7030,Advanced,False
90688,10212,7019,Expert,False
90689,10212,7011,Beginner,False
90690,10213,7017,Advanced,True
90691,10213,7005,Intermediate,False
90692,10213,7001,Intermediate,False
90693,10213,7023,Intermediate,False
90694,10214,7021,Advanced,True
90695,10214,7023,Expert,False
90696,10214,7031,Advanced,False
90697,10215,7009,Expert,True
90698,10215,7016,Advanced,False
90699,10216,7020,Expert,True
90700,10216,7025,Intermediate,False
90701,10216,7026,Intermediate,False
90702,10217,7004,Expert,True
90703,10217,7016,Advanced,False
90704,10217,7026,Intermediate,False
90705,10218,7030,Advanced,True
90706,10218,7025,Intermediate,False
90707,10218,7007,Intermediate,False
90708,10219,7006,Intermediate,True
90709,10219,7004,Advanced,False
90710,10219,7022,Advanced,False
90711,10220,7006,Advanced,True
90712,10220,7019,Intermediate,False
90713,10221,7029,Expert,True
90714,10221,7002,Intermediate,False
90715,10221,7012,Intermediate,False
90716,10221,7031,Intermediate,False
90717,10222,7010,Expert,True
90718,10222,7018,Intermediate,False
90719,10223,7007,Advanced,True
90720,10223,7017,Advanced,False
90721,10223,7026,Expert,False
90722,10224,7004,Advanced,True
90723,10224,7031,Intermediate,False
90724,10224,7026,Intermediate,False
90725,10224,7015,Intermediate,False
90726,10225,7020,Intermediate,True
90727,10225,7006,Intermediate,False
90728,10226,7028,Expert,True
90729,10226,7016,Expert,False
90730,10226,7006,Advanced,False
90731,10226,7009,Intermediate,False
90732,10226,7019,Advanced,False
90733,10227,7022,Intermediate,True
90734,10227,7024,Intermediate,False
90735,10227,7014,Expert,False
90736,10228,7014,Intermediate,True
90737,10228,7021,Advanced,False
90738,10228,7027,Intermediate,False
90739,10229,7007,Intermediate,True
90740,10229,7003,Expert,False
90741,10229,7008,Advanced,False
90742,10229,7029,Expert,False
90743,10230,7009,Expert,True
90744,10230,7011,Expert,False
90745,10230,7002,Expert,False
90746,10230,7004,Intermediate,False
90747,10231,7008,Advanced,True
90748,10231,7015,Advanced,False
90749,10231,7005,Advanced,False
90750,10231,7003,Expert,False
90751,10232,7019,Expert,True
90752,10232,7009,Intermediate,False
90753,10232,7002,Intermediate,False
90754,10232,7005,Advanced,False
90755,10233,7019,Advanced,True
90756,10233,7018,Advanced,False
90757,10234,7009,Expert,True
90758,10234,7029,Advanced,False
90759,10234,7014,Advanced,False
90760,10235,7027,Advanced,True
90761,10235,7016,Advanced,False
90762,10235,7020,Advanced,False
90763,10236,7006,Advanced,True
90764,10236,7011,Advanced,False
90765,10236,7007,Intermediate,False
90766,10236,7019,Intermediate,False
90767,10237,7020,Advanced,True
90768,10237,7028,Intermediate,False
90769,10238,7018,Advanced,True
90770,10238,7005,Advanced,False
90771,10238,7001,Advanced,False
90772,10239,7017,Expert,True
90773,10239,7022,Advanced,False
90774,10240,7017,Expert,True
90775,10240,7013,Intermediate,False
90776,10240,7003,Expert,False
90777,10240,7025,Advanced,False
